particle_grade,medium,time_min,pct_dissolved
Reference (D50=150μm),FaSSIF (pH 6.8),0.0,0.0
Reference (D50=150μm),FaSSIF (pH 6.8),0.2,11.64
Reference (D50=150μm),FaSSIF (pH 6.8),0.4,21.25
Reference (D50=150μm),FaSSIF (pH 6.8),0.6,29.27
Reference (D50=150μm),FaSSIF (pH 6.8),0.8,36.03
Reference (D50=150μm),FaSSIF (pH 6.8),1.0,41.78
Reference (D50=150μm),FaSSIF (pH 6.8),1.2,46.72
Reference (D50=150μm),FaSSIF (pH 6.8),1.4,50.98
Reference (D50=150μm),FaSSIF (pH 6.8),1.61,54.69
Reference (D50=150μm),FaSSIF (pH 6.8),1.81,57.94
Reference (D50=150μm),FaSSIF (pH 6.8),2.01,60.82
Reference (D50=150μm),FaSSIF (pH 6.8),2.21,63.38
Reference (D50=150μm),FaSSIF (pH 6.8),2.41,65.68
Reference (D50=150μm),FaSSIF (pH 6.8),2.61,67.77
Reference (D50=150μm),FaSSIF (pH 6.8),2.81,69.68
Reference (D50=150μm),FaSSIF (pH 6.8),3.01,71.41
Reference (D50=150μm),FaSSIF (pH 6.8),3.21,73.0
Reference (D50=150μm),FaSSIF (pH 6.8),3.41,74.46
Reference (D50=150μm),FaSSIF (pH 6.8),3.61,75.8
Reference (D50=150μm),FaSSIF (pH 6.8),3.81,77.04
Reference (D50=150μm),FaSSIF (pH 6.8),4.01,78.19
Reference (D50=150μm),FaSSIF (pH 6.8),4.21,79.25
Reference (D50=150μm),FaSSIF (pH 6.8),4.41,80.24
Reference (D50=150μm),FaSSIF (pH 6.8),4.62,81.17
Reference (D50=150μm),FaSSIF (pH 6.8),4.82,82.03
Reference (D50=150μm),FaSSIF (pH 6.8),5.02,82.84
Reference (D50=150μm),FaSSIF (pH 6.8),5.22,83.6
Reference (D50=150μm),FaSSIF (pH 6.8),5.42,84.31
Reference (D50=150μm),FaSSIF (pH 6.8),5.62,84.98
Reference (D50=150μm),FaSSIF (pH 6.8),5.82,85.61
Reference (D50=150μm),FaSSIF (pH 6.8),6.02,86.21
Reference (D50=150μm),FaSSIF (pH 6.8),6.22,86.77
Reference (D50=150μm),FaSSIF (pH 6.8),6.42,87.31
Reference (D50=150μm),FaSSIF (pH 6.8),6.62,87.81
Reference (D50=150μm),FaSSIF (pH 6.8),6.82,88.29
Reference (D50=150μm),FaSSIF (pH 6.8),7.02,88.74
Reference (D50=150μm),FaSSIF (pH 6.8),7.22,89.17
Reference (D50=150μm),FaSSIF (pH 6.8),7.42,89.58
Reference (D50=150μm),FaSSIF (pH 6.8),7.63,89.97
Reference (D50=150μm),FaSSIF (pH 6.8),7.83,90.34
Reference (D50=150μm),FaSSIF (pH 6.8),8.03,90.69
Reference (D50=150μm),FaSSIF (pH 6.8),8.23,91.02
Reference (D50=150μm),FaSSIF (pH 6.8),8.43,91.35
Reference (D50=150μm),FaSSIF (pH 6.8),8.63,91.65
Reference (D50=150μm),FaSSIF (pH 6.8),8.83,91.95
Reference (D50=150μm),FaSSIF (pH 6.8),9.03,92.23
Reference (D50=150μm),FaSSIF (pH 6.8),9.23,92.49
Reference (D50=150μm),FaSSIF (pH 6.8),9.43,92.75
Reference (D50=150μm),FaSSIF (pH 6.8),9.63,93.0
Reference (D50=150μm),FaSSIF (pH 6.8),9.83,93.23
Reference (D50=150μm),FaSSIF (pH 6.8),10.03,93.46
Reference (D50=150μm),FaSSIF (pH 6.8),10.23,93.67
Reference (D50=150μm),FaSSIF (pH 6.8),10.43,93.88
Reference (D50=150μm),FaSSIF (pH 6.8),10.64,94.08
Reference (D50=150μm),FaSSIF (pH 6.8),10.84,94.28
Reference (D50=150μm),FaSSIF (pH 6.8),11.04,94.46
Reference (D50=150μm),FaSSIF (pH 6.8),11.24,94.64
Reference (D50=150μm),FaSSIF (pH 6.8),11.44,94.81
Reference (D50=150μm),FaSSIF (pH 6.8),11.64,94.97
Reference (D50=150μm),FaSSIF (pH 6.8),11.84,95.13
Reference (D50=150μm),FaSSIF (pH 6.8),12.04,95.29
Reference (D50=150μm),FaSSIF (pH 6.8),12.24,95.43
Reference (D50=150μm),FaSSIF (pH 6.8),12.44,95.57
Reference (D50=150μm),FaSSIF (pH 6.8),12.64,95.71
Reference (D50=150μm),FaSSIF (pH 6.8),12.84,95.84
Reference (D50=150μm),FaSSIF (pH 6.8),13.04,95.97
Reference (D50=150μm),FaSSIF (pH 6.8),13.24,96.09
Reference (D50=150μm),FaSSIF (pH 6.8),13.44,96.21
Reference (D50=150μm),FaSSIF (pH 6.8),13.65,96.33
Reference (D50=150μm),FaSSIF (pH 6.8),13.85,96.44
Reference (D50=150μm),FaSSIF (pH 6.8),14.05,96.55
Reference (D50=150μm),FaSSIF (pH 6.8),14.25,96.65
Reference (D50=150μm),FaSSIF (pH 6.8),14.45,96.75
Reference (D50=150μm),FaSSIF (pH 6.8),14.65,96.85
Reference (D50=150μm),FaSSIF (pH 6.8),14.85,96.94
Reference (D50=150μm),FaSSIF (pH 6.8),15.05,97.03
Reference (D50=150μm),FaSSIF (pH 6.8),15.25,97.12
Reference (D50=150μm),FaSSIF (pH 6.8),15.45,97.2
Reference (D50=150μm),FaSSIF (pH 6.8),15.65,97.29
Reference (D50=150μm),FaSSIF (pH 6.8),15.85,97.37
Reference (D50=150μm),FaSSIF (pH 6.8),16.05,97.44
Reference (D50=150μm),FaSSIF (pH 6.8),16.25,97.52
Reference (D50=150μm),FaSSIF (pH 6.8),16.45,97.59
Reference (D50=150μm),FaSSIF (pH 6.8),16.66,97.66
Reference (D50=150μm),FaSSIF (pH 6.8),16.86,97.73
Reference (D50=150μm),FaSSIF (pH 6.8),17.06,97.8
Reference (D50=150μm),FaSSIF (pH 6.8),17.26,97.86
Reference (D50=150μm),FaSSIF (pH 6.8),17.46,97.92
Reference (D50=150μm),FaSSIF (pH 6.8),17.66,97.98
Reference (D50=150μm),FaSSIF (pH 6.8),17.86,98.04
Reference (D50=150μm),FaSSIF (pH 6.8),18.06,98.1
Reference (D50=150μm),FaSSIF (pH 6.8),18.26,98.15
Reference (D50=150μm),FaSSIF (pH 6.8),18.46,98.21
Reference (D50=150μm),FaSSIF (pH 6.8),18.66,98.26
Reference (D50=150μm),FaSSIF (pH 6.8),18.86,98.31
Reference (D50=150μm),FaSSIF (pH 6.8),19.06,98.36
Reference (D50=150μm),FaSSIF (pH 6.8),19.26,98.41
Reference (D50=150μm),FaSSIF (pH 6.8),19.46,98.45
Reference (D50=150μm),FaSSIF (pH 6.8),19.67,98.5
Reference (D50=150μm),FaSSIF (pH 6.8),19.87,98.54
Reference (D50=150μm),FaSSIF (pH 6.8),20.07,98.58
Reference (D50=150μm),FaSSIF (pH 6.8),20.27,98.62
Reference (D50=150μm),FaSSIF (pH 6.8),20.47,98.66
Reference (D50=150μm),FaSSIF (pH 6.8),20.67,98.7
Reference (D50=150μm),FaSSIF (pH 6.8),20.87,98.74
Reference (D50=150μm),FaSSIF (pH 6.8),21.07,98.78
Reference (D50=150μm),FaSSIF (pH 6.8),21.27,98.81
Reference (D50=150μm),FaSSIF (pH 6.8),21.47,98.85
Reference (D50=150μm),FaSSIF (pH 6.8),21.67,98.88
Reference (D50=150μm),FaSSIF (pH 6.8),21.87,98.92
Reference (D50=150μm),FaSSIF (pH 6.8),22.07,98.95
Reference (D50=150μm),FaSSIF (pH 6.8),22.27,98.98
Reference (D50=150μm),FaSSIF (pH 6.8),22.47,99.01
Reference (D50=150μm),FaSSIF (pH 6.8),22.68,99.04
Reference (D50=150μm),FaSSIF (pH 6.8),22.88,99.07
Reference (D50=150μm),FaSSIF (pH 6.8),23.08,99.1
Reference (D50=150μm),FaSSIF (pH 6.8),23.28,99.13
Reference (D50=150μm),FaSSIF (pH 6.8),23.48,99.15
Reference (D50=150μm),FaSSIF (pH 6.8),23.68,99.18
Reference (D50=150μm),FaSSIF (pH 6.8),23.88,99.2
Reference (D50=150μm),FaSSIF (pH 6.8),24.08,99.23
Reference (D50=150μm),FaSSIF (pH 6.8),24.28,99.25
Reference (D50=150μm),FaSSIF (pH 6.8),24.48,99.27
Reference (D50=150μm),FaSSIF (pH 6.8),24.68,99.3
Reference (D50=150μm),FaSSIF (pH 6.8),24.88,99.32
Reference (D50=150μm),FaSSIF (pH 6.8),25.08,99.34
Reference (D50=150μm),FaSSIF (pH 6.8),25.28,99.36
Reference (D50=150μm),FaSSIF (pH 6.8),25.48,99.38
Reference (D50=150μm),FaSSIF (pH 6.8),25.69,99.4
Reference (D50=150μm),FaSSIF (pH 6.8),25.89,99.42
Reference (D50=150μm),FaSSIF (pH 6.8),26.09,99.44
Reference (D50=150μm),FaSSIF (pH 6.8),26.29,99.46
Reference (D50=150μm),FaSSIF (pH 6.8),26.49,99.47
Reference (D50=150μm),FaSSIF (pH 6.8),26.69,99.49
Reference (D50=150μm),FaSSIF (pH 6.8),26.89,99.51
Reference (D50=150μm),FaSSIF (pH 6.8),27.09,99.52
Reference (D50=150μm),FaSSIF (pH 6.8),27.29,99.54
Reference (D50=150μm),FaSSIF (pH 6.8),27.49,99.55
Reference (D50=150μm),FaSSIF (pH 6.8),27.69,99.57
Reference (D50=150μm),FaSSIF (pH 6.8),27.89,99.58
Reference (D50=150μm),FaSSIF (pH 6.8),28.09,99.6
Reference (D50=150μm),FaSSIF (pH 6.8),28.29,99.61
Reference (D50=150μm),FaSSIF (pH 6.8),28.49,99.63
Reference (D50=150μm),FaSSIF (pH 6.8),28.7,99.64
Reference (D50=150μm),FaSSIF (pH 6.8),28.9,99.65
Reference (D50=150μm),FaSSIF (pH 6.8),29.1,99.66
Reference (D50=150μm),FaSSIF (pH 6.8),29.3,99.68
Reference (D50=150μm),FaSSIF (pH 6.8),29.5,99.69
Reference (D50=150μm),FaSSIF (pH 6.8),29.7,99.7
Reference (D50=150μm),FaSSIF (pH 6.8),29.9,99.71
Reference (D50=150μm),FaSSIF (pH 6.8),30.1,99.72
Reference (D50=150μm),FaSSIF (pH 6.8),30.3,99.73
Reference (D50=150μm),FaSSIF (pH 6.8),30.5,99.75
Reference (D50=150μm),FaSSIF (pH 6.8),30.7,99.76
Reference (D50=150μm),FaSSIF (pH 6.8),30.9,99.77
Reference (D50=150μm),FaSSIF (pH 6.8),31.1,99.78
Reference (D50=150μm),FaSSIF (pH 6.8),31.3,99.79
Reference (D50=150μm),FaSSIF (pH 6.8),31.51,99.79
Reference (D50=150μm),FaSSIF (pH 6.8),31.71,99.8
Reference (D50=150μm),FaSSIF (pH 6.8),31.91,99.81
Reference (D50=150μm),FaSSIF (pH 6.8),32.11,99.82
Reference (D50=150μm),FaSSIF (pH 6.8),32.31,99.83
Reference (D50=150μm),FaSSIF (pH 6.8),32.51,99.84
Reference (D50=150μm),FaSSIF (pH 6.8),32.71,99.84
Reference (D50=150μm),FaSSIF (pH 6.8),32.91,99.85
Reference (D50=150μm),FaSSIF (pH 6.8),33.11,99.86
Reference (D50=150μm),FaSSIF (pH 6.8),33.31,99.87
Reference (D50=150μm),FaSSIF (pH 6.8),33.51,99.87
Reference (D50=150μm),FaSSIF (pH 6.8),33.71,99.88
Reference (D50=150μm),FaSSIF (pH 6.8),33.91,99.88
Reference (D50=150μm),FaSSIF (pH 6.8),34.11,99.89
Reference (D50=150μm),FaSSIF (pH 6.8),34.31,99.9
Reference (D50=150μm),FaSSIF (pH 6.8),34.52,99.9
Reference (D50=150μm),FaSSIF (pH 6.8),34.72,99.91
Reference (D50=150μm),FaSSIF (pH 6.8),34.92,99.91
Reference (D50=150μm),FaSSIF (pH 6.8),35.12,99.92
Reference (D50=150μm),FaSSIF (pH 6.8),35.32,99.92
Reference (D50=150μm),FaSSIF (pH 6.8),35.52,99.93
Reference (D50=150μm),FaSSIF (pH 6.8),35.72,99.93
Reference (D50=150μm),FaSSIF (pH 6.8),35.92,99.94
Reference (D50=150μm),FaSSIF (pH 6.8),36.12,99.94
Reference (D50=150μm),FaSSIF (pH 6.8),36.32,99.94
Reference (D50=150μm),FaSSIF (pH 6.8),36.52,99.95
Reference (D50=150μm),FaSSIF (pH 6.8),36.72,99.95
Reference (D50=150μm),FaSSIF (pH 6.8),36.92,99.95
Reference (D50=150μm),FaSSIF (pH 6.8),37.12,99.96
Reference (D50=150μm),FaSSIF (pH 6.8),37.32,99.96
Reference (D50=150μm),FaSSIF (pH 6.8),37.53,99.96
Reference (D50=150μm),FaSSIF (pH 6.8),37.73,99.97
Reference (D50=150μm),FaSSIF (pH 6.8),37.93,99.97
Reference (D50=150μm),FaSSIF (pH 6.8),38.13,99.97
Reference (D50=150μm),FaSSIF (pH 6.8),38.33,99.97
Reference (D50=150μm),FaSSIF (pH 6.8),38.53,99.98
Reference (D50=150μm),FaSSIF (pH 6.8),38.73,99.98
Reference (D50=150μm),FaSSIF (pH 6.8),38.93,99.98
Reference (D50=150μm),FaSSIF (pH 6.8),39.13,99.98
Reference (D50=150μm),FaSSIF (pH 6.8),39.33,99.98
Reference (D50=150μm),FaSSIF (pH 6.8),39.53,99.99
Reference (D50=150μm),FaSSIF (pH 6.8),39.73,99.99
Reference (D50=150μm),FaSSIF (pH 6.8),39.93,99.99
Reference (D50=150μm),FaSSIF (pH 6.8),40.13,99.99
Reference (D50=150μm),FaSSIF (pH 6.8),40.33,99.99
Reference (D50=150μm),FaSSIF (pH 6.8),40.54,99.99
Reference (D50=150μm),FaSSIF (pH 6.8),40.74,99.99
Reference (D50=150μm),FaSSIF (pH 6.8),40.94,99.99
Reference (D50=150μm),FaSSIF (pH 6.8),41.14,99.99
Reference (D50=150μm),FaSSIF (pH 6.8),41.34,100.0
Reference (D50=150μm),FaSSIF (pH 6.8),41.54,100.0
Reference (D50=150μm),FaSSIF (pH 6.8),41.74,100.0
Reference (D50=150μm),FaSSIF (pH 6.8),41.94,100.0
Reference (D50=150μm),FaSSIF (pH 6.8),42.14,100.0
Reference (D50=150μm),FaSSIF (pH 6.8),42.34,100.0
Reference (D50=150μm),FaSSIF (pH 6.8),42.54,100.0
Reference (D50=150μm),FaSSIF (pH 6.8),42.74,100.0
Reference (D50=150μm),FaSSIF (pH 6.8),42.94,100.0
Reference (D50=150μm),FaSSIF (pH 6.8),43.14,100.0
Reference (D50=150μm),FaSSIF (pH 6.8),43.34,100.0
Reference (D50=150μm),FaSSIF (pH 6.8),43.55,100.0
Reference (D50=150μm),FaSSIF (pH 6.8),43.75,100.0
Reference (D50=150μm),FaSSIF (pH 6.8),43.95,100.0
Reference (D50=150μm),FaSSIF (pH 6.8),44.15,100.0
Reference (D50=150μm),FaSSIF (pH 6.8),44.35,100.0
Reference (D50=150μm),FaSSIF (pH 6.8),44.55,100.0
Reference (D50=150μm),FaSSIF (pH 6.8),44.75,100.0
Reference (D50=150μm),FaSSIF (pH 6.8),44.95,100.0
Reference (D50=150μm),FaSSIF (pH 6.8),45.15,100.0
Reference (D50=150μm),FaSSIF (pH 6.8),45.35,100.0
Reference (D50=150μm),FaSSIF (pH 6.8),45.55,100.0
Reference (D50=150μm),FaSSIF (pH 6.8),45.75,100.0
Reference (D50=150μm),FaSSIF (pH 6.8),45.95,100.0
Reference (D50=150μm),FaSSIF (pH 6.8),46.15,100.0
Reference (D50=150μm),FaSSIF (pH 6.8),46.35,100.0
Reference (D50=150μm),FaSSIF (pH 6.8),46.56,100.0
Reference (D50=150μm),FaSSIF (pH 6.8),46.76,100.0
Reference (D50=150μm),FaSSIF (pH 6.8),46.96,100.0
Reference (D50=150μm),FaSSIF (pH 6.8),47.16,100.0
Reference (D50=150μm),FaSSIF (pH 6.8),47.36,100.0
Reference (D50=150μm),FaSSIF (pH 6.8),47.56,100.0
Reference (D50=150μm),FaSSIF (pH 6.8),47.76,100.0
Reference (D50=150μm),FaSSIF (pH 6.8),47.96,100.0
Reference (D50=150μm),FaSSIF (pH 6.8),48.16,100.0
Reference (D50=150μm),FaSSIF (pH 6.8),48.36,100.0
Reference (D50=150μm),FaSSIF (pH 6.8),48.56,100.0
Reference (D50=150μm),FaSSIF (pH 6.8),48.76,100.0
Reference (D50=150μm),FaSSIF (pH 6.8),48.96,100.0
Reference (D50=150μm),FaSSIF (pH 6.8),49.16,100.0
Reference (D50=150μm),FaSSIF (pH 6.8),49.36,100.0
Reference (D50=150μm),FaSSIF (pH 6.8),49.57,100.0
Reference (D50=150μm),FaSSIF (pH 6.8),49.77,100.0
Reference (D50=150μm),FaSSIF (pH 6.8),49.97,100.0
Reference (D50=150μm),FaSSIF (pH 6.8),50.17,100.0
Reference (D50=150μm),FaSSIF (pH 6.8),50.37,100.0
Reference (D50=150μm),FaSSIF (pH 6.8),50.57,100.0
Reference (D50=150μm),FaSSIF (pH 6.8),50.77,100.0
Reference (D50=150μm),FaSSIF (pH 6.8),50.97,100.0
Reference (D50=150μm),FaSSIF (pH 6.8),51.17,100.0
Reference (D50=150μm),FaSSIF (pH 6.8),51.37,100.0
Reference (D50=150μm),FaSSIF (pH 6.8),51.57,100.0
Reference (D50=150μm),FaSSIF (pH 6.8),51.77,100.0
Reference (D50=150μm),FaSSIF (pH 6.8),51.97,100.0
Reference (D50=150μm),FaSSIF (pH 6.8),52.17,100.0
Reference (D50=150μm),FaSSIF (pH 6.8),52.37,100.0
Reference (D50=150μm),FaSSIF (pH 6.8),52.58,100.0
Reference (D50=150μm),FaSSIF (pH 6.8),52.78,100.0
Reference (D50=150μm),FaSSIF (pH 6.8),52.98,100.0
Reference (D50=150μm),FaSSIF (pH 6.8),53.18,100.0
Reference (D50=150μm),FaSSIF (pH 6.8),53.38,100.0
Reference (D50=150μm),FaSSIF (pH 6.8),53.58,100.0
Reference (D50=150μm),FaSSIF (pH 6.8),53.78,100.0
Reference (D50=150μm),FaSSIF (pH 6.8),53.98,100.0
Reference (D50=150μm),FaSSIF (pH 6.8),54.18,100.0
Reference (D50=150μm),FaSSIF (pH 6.8),54.38,100.0
Reference (D50=150μm),FaSSIF (pH 6.8),54.58,100.0
Reference (D50=150μm),FaSSIF (pH 6.8),54.78,100.0
Reference (D50=150μm),FaSSIF (pH 6.8),54.98,100.0
Reference (D50=150μm),FaSSIF (pH 6.8),55.18,100.0
Reference (D50=150μm),FaSSIF (pH 6.8),55.38,100.0
Reference (D50=150μm),FaSSIF (pH 6.8),55.59,100.0
Reference (D50=150μm),FaSSIF (pH 6.8),55.79,100.0
Reference (D50=150μm),FaSSIF (pH 6.8),55.99,100.0
Reference (D50=150μm),FaSSIF (pH 6.8),56.19,100.0
Reference (D50=150μm),FaSSIF (pH 6.8),56.39,100.0
Reference (D50=150μm),FaSSIF (pH 6.8),56.59,100.0
Reference (D50=150μm),FaSSIF (pH 6.8),56.79,100.0
Reference (D50=150μm),FaSSIF (pH 6.8),56.99,100.0
Reference (D50=150μm),FaSSIF (pH 6.8),57.19,100.0
Reference (D50=150μm),FaSSIF (pH 6.8),57.39,100.0
Reference (D50=150μm),FaSSIF (pH 6.8),57.59,100.0
Reference (D50=150μm),FaSSIF (pH 6.8),57.79,100.0
Reference (D50=150μm),FaSSIF (pH 6.8),57.99,100.0
Reference (D50=150μm),FaSSIF (pH 6.8),58.19,100.0
Reference (D50=150μm),FaSSIF (pH 6.8),58.39,100.0
Reference (D50=150μm),FaSSIF (pH 6.8),58.6,100.0
Reference (D50=150μm),FaSSIF (pH 6.8),58.8,100.0
Reference (D50=150μm),FaSSIF (pH 6.8),59.0,100.0
Reference (D50=150μm),FaSSIF (pH 6.8),59.2,100.0
Reference (D50=150μm),FaSSIF (pH 6.8),59.4,100.0
Reference (D50=150μm),FaSSIF (pH 6.8),59.6,100.0
Reference (D50=150μm),FaSSIF (pH 6.8),59.8,100.0
Reference (D50=150μm),FaSSIF (pH 6.8),60.0,100.0
Micronized (D50=25μm),FaSSIF (pH 6.8),0.0,0.0
Micronized (D50=25μm),FaSSIF (pH 6.8),0.2,47.21
Micronized (D50=25μm),FaSSIF (pH 6.8),0.4,65.18
Micronized (D50=25μm),FaSSIF (pH 6.8),0.6,74.81
Micronized (D50=25μm),FaSSIF (pH 6.8),0.8,80.81
Micronized (D50=25μm),FaSSIF (pH 6.8),1.0,84.88
Micronized (D50=25μm),FaSSIF (pH 6.8),1.2,87.82
Micronized (D50=25μm),FaSSIF (pH 6.8),1.4,90.01
Micronized (D50=25μm),FaSSIF (pH 6.8),1.61,91.71
Micronized (D50=25μm),FaSSIF (pH 6.8),1.81,93.04
Micronized (D50=25μm),FaSSIF (pH 6.8),2.01,94.12
Micronized (D50=25μm),FaSSIF (pH 6.8),2.21,94.99
Micronized (D50=25μm),FaSSIF (pH 6.8),2.41,95.72
Micronized (D50=25μm),FaSSIF (pH 6.8),2.61,96.32
Micronized (D50=25μm),FaSSIF (pH 6.8),2.81,96.83
Micronized (D50=25μm),FaSSIF (pH 6.8),3.01,97.26
Micronized (D50=25μm),FaSSIF (pH 6.8),3.21,97.63
Micronized (D50=25μm),FaSSIF (pH 6.8),3.41,97.95
Micronized (D50=25μm),FaSSIF (pH 6.8),3.61,98.22
Micronized (D50=25μm),FaSSIF (pH 6.8),3.81,98.46
Micronized (D50=25μm),FaSSIF (pH 6.8),4.01,98.67
Micronized (D50=25μm),FaSSIF (pH 6.8),4.21,98.85
Micronized (D50=25μm),FaSSIF (pH 6.8),4.41,99.0
Micronized (D50=25μm),FaSSIF (pH 6.8),4.62,99.14
Micronized (D50=25μm),FaSSIF (pH 6.8),4.82,99.26
Micronized (D50=25μm),FaSSIF (pH 6.8),5.02,99.37
Micronized (D50=25μm),FaSSIF (pH 6.8),5.22,99.46
Micronized (D50=25μm),FaSSIF (pH 6.8),5.42,99.54
Micronized (D50=25μm),FaSSIF (pH 6.8),5.62,99.62
Micronized (D50=25μm),FaSSIF (pH 6.8),5.82,99.68
Micronized (D50=25μm),FaSSIF (pH 6.8),6.02,99.74
Micronized (D50=25μm),FaSSIF (pH 6.8),6.22,99.79
Micronized (D50=25μm),FaSSIF (pH 6.8),6.42,99.84
Micronized (D50=25μm),FaSSIF (pH 6.8),6.62,99.87
Micronized (D50=25μm),FaSSIF (pH 6.8),6.82,99.9
Micronized (D50=25μm),FaSSIF (pH 6.8),7.02,99.93
Micronized (D50=25μm),FaSSIF (pH 6.8),7.22,99.95
Micronized (D50=25μm),FaSSIF (pH 6.8),7.42,99.97
Micronized (D50=25μm),FaSSIF (pH 6.8),7.63,99.98
Micronized (D50=25μm),FaSSIF (pH 6.8),7.83,99.99
Micronized (D50=25μm),FaSSIF (pH 6.8),8.03,99.99
Micronized (D50=25μm),FaSSIF (pH 6.8),8.23,100.0
Micronized (D50=25μm),FaSSIF (pH 6.8),8.43,100.0
Micronized (D50=25μm),FaSSIF (pH 6.8),8.63,100.0
Micronized (D50=25μm),FaSSIF (pH 6.8),8.83,100.0
Micronized (D50=25μm),FaSSIF (pH 6.8),9.03,100.0
Micronized (D50=25μm),FaSSIF (pH 6.8),9.23,100.0
Micronized (D50=25μm),FaSSIF (pH 6.8),9.43,100.0
Micronized (D50=25μm),FaSSIF (pH 6.8),9.63,100.0
Micronized (D50=25μm),FaSSIF (pH 6.8),9.83,100.0
Micronized (D50=25μm),FaSSIF (pH 6.8),10.03,100.0
Micronized (D50=25μm),FaSSIF (pH 6.8),10.23,100.0
Micronized (D50=25μm),FaSSIF (pH 6.8),10.43,100.0
Micronized (D50=25μm),FaSSIF (pH 6.8),10.64,100.0
Micronized (D50=25μm),FaSSIF (pH 6.8),10.84,100.0
Micronized (D50=25μm),FaSSIF (pH 6.8),11.04,100.0
Micronized (D50=25μm),FaSSIF (pH 6.8),11.24,100.0
Micronized (D50=25μm),FaSSIF (pH 6.8),11.44,100.0
Micronized (D50=25μm),FaSSIF (pH 6.8),11.64,100.0
Micronized (D50=25μm),FaSSIF (pH 6.8),11.84,100.0
Micronized (D50=25μm),FaSSIF (pH 6.8),12.04,100.0
Micronized (D50=25μm),FaSSIF (pH 6.8),12.24,100.0
Micronized (D50=25μm),FaSSIF (pH 6.8),12.44,100.0
Micronized (D50=25μm),FaSSIF (pH 6.8),12.64,100.0
Micronized (D50=25μm),FaSSIF (pH 6.8),12.84,100.0
Micronized (D50=25μm),FaSSIF (pH 6.8),13.04,100.0
Micronized (D50=25μm),FaSSIF (pH 6.8),13.24,100.0
Micronized (D50=25μm),FaSSIF (pH 6.8),13.44,100.0
Micronized (D50=25μm),FaSSIF (pH 6.8),13.65,100.0
Micronized (D50=25μm),FaSSIF (pH 6.8),13.85,100.0
Micronized (D50=25μm),FaSSIF (pH 6.8),14.05,100.0
Micronized (D50=25μm),FaSSIF (pH 6.8),14.25,100.0
Micronized (D50=25μm),FaSSIF (pH 6.8),14.45,100.0
Micronized (D50=25μm),FaSSIF (pH 6.8),14.65,100.0
Micronized (D50=25μm),FaSSIF (pH 6.8),14.85,100.0
Micronized (D50=25μm),FaSSIF (pH 6.8),15.05,100.0
Micronized (D50=25μm),FaSSIF (pH 6.8),15.25,100.0
Micronized (D50=25μm),FaSSIF (pH 6.8),15.45,100.0
Micronized (D50=25μm),FaSSIF (pH 6.8),15.65,100.0
Micronized (D50=25μm),FaSSIF (pH 6.8),15.85,100.0
Micronized (D50=25μm),FaSSIF (pH 6.8),16.05,100.0
Micronized (D50=25μm),FaSSIF (pH 6.8),16.25,100.0
Micronized (D50=25μm),FaSSIF (pH 6.8),16.45,100.0
Micronized (D50=25μm),FaSSIF (pH 6.8),16.66,100.0
Micronized (D50=25μm),FaSSIF (pH 6.8),16.86,100.0
Micronized (D50=25μm),FaSSIF (pH 6.8),17.06,100.0
Micronized (D50=25μm),FaSSIF (pH 6.8),17.26,100.0
Micronized (D50=25μm),FaSSIF (pH 6.8),17.46,100.0
Micronized (D50=25μm),FaSSIF (pH 6.8),17.66,100.0
Micronized (D50=25μm),FaSSIF (pH 6.8),17.86,100.0
Micronized (D50=25μm),FaSSIF (pH 6.8),18.06,100.0
Micronized (D50=25μm),FaSSIF (pH 6.8),18.26,100.0
Micronized (D50=25μm),FaSSIF (pH 6.8),18.46,100.0
Micronized (D50=25μm),FaSSIF (pH 6.8),18.66,100.0
Micronized (D50=25μm),FaSSIF (pH 6.8),18.86,100.0
Micronized (D50=25μm),FaSSIF (pH 6.8),19.06,100.0
Micronized (D50=25μm),FaSSIF (pH 6.8),19.26,100.0
Micronized (D50=25μm),FaSSIF (pH 6.8),19.46,100.0
Micronized (D50=25μm),FaSSIF (pH 6.8),19.67,100.0
Micronized (D50=25μm),FaSSIF (pH 6.8),19.87,100.0
Micronized (D50=25μm),FaSSIF (pH 6.8),20.07,100.0
Micronized (D50=25μm),FaSSIF (pH 6.8),20.27,100.0
Micronized (D50=25μm),FaSSIF (pH 6.8),20.47,100.0
Micronized (D50=25μm),FaSSIF (pH 6.8),20.67,100.0
Micronized (D50=25μm),FaSSIF (pH 6.8),20.87,100.0
Micronized (D50=25μm),FaSSIF (pH 6.8),21.07,100.0
Micronized (D50=25μm),FaSSIF (pH 6.8),21.27,100.0
Micronized (D50=25μm),FaSSIF (pH 6.8),21.47,100.0
Micronized (D50=25μm),FaSSIF (pH 6.8),21.67,100.0
Micronized (D50=25μm),FaSSIF (pH 6.8),21.87,100.0
Micronized (D50=25μm),FaSSIF (pH 6.8),22.07,100.0
Micronized (D50=25μm),FaSSIF (pH 6.8),22.27,100.0
Micronized (D50=25μm),FaSSIF (pH 6.8),22.47,100.0
Micronized (D50=25μm),FaSSIF (pH 6.8),22.68,100.0
Micronized (D50=25μm),FaSSIF (pH 6.8),22.88,100.0
Micronized (D50=25μm),FaSSIF (pH 6.8),23.08,100.0
Micronized (D50=25μm),FaSSIF (pH 6.8),23.28,100.0
Micronized (D50=25μm),FaSSIF (pH 6.8),23.48,100.0
Micronized (D50=25μm),FaSSIF (pH 6.8),23.68,100.0
Micronized (D50=25μm),FaSSIF (pH 6.8),23.88,100.0
Micronized (D50=25μm),FaSSIF (pH 6.8),24.08,100.0
Micronized (D50=25μm),FaSSIF (pH 6.8),24.28,100.0
Micronized (D50=25μm),FaSSIF (pH 6.8),24.48,100.0
Micronized (D50=25μm),FaSSIF (pH 6.8),24.68,100.0
Micronized (D50=25μm),FaSSIF (pH 6.8),24.88,100.0
Micronized (D50=25μm),FaSSIF (pH 6.8),25.08,100.0
Micronized (D50=25μm),FaSSIF (pH 6.8),25.28,100.0
Micronized (D50=25μm),FaSSIF (pH 6.8),25.48,100.0
Micronized (D50=25μm),FaSSIF (pH 6.8),25.69,100.0
Micronized (D50=25μm),FaSSIF (pH 6.8),25.89,100.0
Micronized (D50=25μm),FaSSIF (pH 6.8),26.09,100.0
Micronized (D50=25μm),FaSSIF (pH 6.8),26.29,100.0
Micronized (D50=25μm),FaSSIF (pH 6.8),26.49,100.0
Micronized (D50=25μm),FaSSIF (pH 6.8),26.69,100.0
Micronized (D50=25μm),FaSSIF (pH 6.8),26.89,100.0
Micronized (D50=25μm),FaSSIF (pH 6.8),27.09,100.0
Micronized (D50=25μm),FaSSIF (pH 6.8),27.29,100.0
Micronized (D50=25μm),FaSSIF (pH 6.8),27.49,100.0
Micronized (D50=25μm),FaSSIF (pH 6.8),27.69,100.0
Micronized (D50=25μm),FaSSIF (pH 6.8),27.89,100.0
Micronized (D50=25μm),FaSSIF (pH 6.8),28.09,100.0
Micronized (D50=25μm),FaSSIF (pH 6.8),28.29,100.0
Micronized (D50=25μm),FaSSIF (pH 6.8),28.49,100.0
Micronized (D50=25μm),FaSSIF (pH 6.8),28.7,100.0
Micronized (D50=25μm),FaSSIF (pH 6.8),28.9,100.0
Micronized (D50=25μm),FaSSIF (pH 6.8),29.1,100.0
Micronized (D50=25μm),FaSSIF (pH 6.8),29.3,100.0
Micronized (D50=25μm),FaSSIF (pH 6.8),29.5,100.0
Micronized (D50=25μm),FaSSIF (pH 6.8),29.7,100.0
Micronized (D50=25μm),FaSSIF (pH 6.8),29.9,100.0
Micronized (D50=25μm),FaSSIF (pH 6.8),30.1,100.0
Micronized (D50=25μm),FaSSIF (pH 6.8),30.3,100.0
Micronized (D50=25μm),FaSSIF (pH 6.8),30.5,100.0
Micronized (D50=25μm),FaSSIF (pH 6.8),30.7,100.0
Micronized (D50=25μm),FaSSIF (pH 6.8),30.9,100.0
Micronized (D50=25μm),FaSSIF (pH 6.8),31.1,100.0
Micronized (D50=25μm),FaSSIF (pH 6.8),31.3,100.0
Micronized (D50=25μm),FaSSIF (pH 6.8),31.51,100.0
Micronized (D50=25μm),FaSSIF (pH 6.8),31.71,100.0
Micronized (D50=25μm),FaSSIF (pH 6.8),31.91,100.0
Micronized (D50=25μm),FaSSIF (pH 6.8),32.11,100.0
Micronized (D50=25μm),FaSSIF (pH 6.8),32.31,100.0
Micronized (D50=25μm),FaSSIF (pH 6.8),32.51,100.0
Micronized (D50=25μm),FaSSIF (pH 6.8),32.71,100.0
Micronized (D50=25μm),FaSSIF (pH 6.8),32.91,100.0
Micronized (D50=25μm),FaSSIF (pH 6.8),33.11,100.0
Micronized (D50=25μm),FaSSIF (pH 6.8),33.31,100.0
Micronized (D50=25μm),FaSSIF (pH 6.8),33.51,100.0
Micronized (D50=25μm),FaSSIF (pH 6.8),33.71,100.0
Micronized (D50=25μm),FaSSIF (pH 6.8),33.91,100.0
Micronized (D50=25μm),FaSSIF (pH 6.8),34.11,100.0
Micronized (D50=25μm),FaSSIF (pH 6.8),34.31,100.0
Micronized (D50=25μm),FaSSIF (pH 6.8),34.52,100.0
Micronized (D50=25μm),FaSSIF (pH 6.8),34.72,100.0
Micronized (D50=25μm),FaSSIF (pH 6.8),34.92,100.0
Micronized (D50=25μm),FaSSIF (pH 6.8),35.12,100.0
Micronized (D50=25μm),FaSSIF (pH 6.8),35.32,100.0
Micronized (D50=25μm),FaSSIF (pH 6.8),35.52,100.0
Micronized (D50=25μm),FaSSIF (pH 6.8),35.72,100.0
Micronized (D50=25μm),FaSSIF (pH 6.8),35.92,100.0
Micronized (D50=25μm),FaSSIF (pH 6.8),36.12,100.0
Micronized (D50=25μm),FaSSIF (pH 6.8),36.32,100.0
Micronized (D50=25μm),FaSSIF (pH 6.8),36.52,100.0
Micronized (D50=25μm),FaSSIF (pH 6.8),36.72,100.0
Micronized (D50=25μm),FaSSIF (pH 6.8),36.92,100.0
Micronized (D50=25μm),FaSSIF (pH 6.8),37.12,100.0
Micronized (D50=25μm),FaSSIF (pH 6.8),37.32,100.0
Micronized (D50=25μm),FaSSIF (pH 6.8),37.53,100.0
Micronized (D50=25μm),FaSSIF (pH 6.8),37.73,100.0
Micronized (D50=25μm),FaSSIF (pH 6.8),37.93,100.0
Micronized (D50=25μm),FaSSIF (pH 6.8),38.13,100.0
Micronized (D50=25μm),FaSSIF (pH 6.8),38.33,100.0
Micronized (D50=25μm),FaSSIF (pH 6.8),38.53,100.0
Micronized (D50=25μm),FaSSIF (pH 6.8),38.73,100.0
Micronized (D50=25μm),FaSSIF (pH 6.8),38.93,100.0
Micronized (D50=25μm),FaSSIF (pH 6.8),39.13,100.0
Micronized (D50=25μm),FaSSIF (pH 6.8),39.33,100.0
Micronized (D50=25μm),FaSSIF (pH 6.8),39.53,100.0
Micronized (D50=25μm),FaSSIF (pH 6.8),39.73,100.0
Micronized (D50=25μm),FaSSIF (pH 6.8),39.93,100.0
Micronized (D50=25μm),FaSSIF (pH 6.8),40.13,100.0
Micronized (D50=25μm),FaSSIF (pH 6.8),40.33,100.0
Micronized (D50=25μm),FaSSIF (pH 6.8),40.54,100.0
Micronized (D50=25μm),FaSSIF (pH 6.8),40.74,100.0
Micronized (D50=25μm),FaSSIF (pH 6.8),40.94,100.0
Micronized (D50=25μm),FaSSIF (pH 6.8),41.14,100.0
Micronized (D50=25μm),FaSSIF (pH 6.8),41.34,100.0
Micronized (D50=25μm),FaSSIF (pH 6.8),41.54,100.0
Micronized (D50=25μm),FaSSIF (pH 6.8),41.74,100.0
Micronized (D50=25μm),FaSSIF (pH 6.8),41.94,100.0
Micronized (D50=25μm),FaSSIF (pH 6.8),42.14,100.0
Micronized (D50=25μm),FaSSIF (pH 6.8),42.34,100.0
Micronized (D50=25μm),FaSSIF (pH 6.8),42.54,100.0
Micronized (D50=25μm),FaSSIF (pH 6.8),42.74,100.0
Micronized (D50=25μm),FaSSIF (pH 6.8),42.94,100.0
Micronized (D50=25μm),FaSSIF (pH 6.8),43.14,100.0
Micronized (D50=25μm),FaSSIF (pH 6.8),43.34,100.0
Micronized (D50=25μm),FaSSIF (pH 6.8),43.55,100.0
Micronized (D50=25μm),FaSSIF (pH 6.8),43.75,100.0
Micronized (D50=25μm),FaSSIF (pH 6.8),43.95,100.0
Micronized (D50=25μm),FaSSIF (pH 6.8),44.15,100.0
Micronized (D50=25μm),FaSSIF (pH 6.8),44.35,100.0
Micronized (D50=25μm),FaSSIF (pH 6.8),44.55,100.0
Micronized (D50=25μm),FaSSIF (pH 6.8),44.75,100.0
Micronized (D50=25μm),FaSSIF (pH 6.8),44.95,100.0
Micronized (D50=25μm),FaSSIF (pH 6.8),45.15,100.0
Micronized (D50=25μm),FaSSIF (pH 6.8),45.35,100.0
Micronized (D50=25μm),FaSSIF (pH 6.8),45.55,100.0
Micronized (D50=25μm),FaSSIF (pH 6.8),45.75,100.0
Micronized (D50=25μm),FaSSIF (pH 6.8),45.95,100.0
Micronized (D50=25μm),FaSSIF (pH 6.8),46.15,100.0
Micronized (D50=25μm),FaSSIF (pH 6.8),46.35,100.0
Micronized (D50=25μm),FaSSIF (pH 6.8),46.56,100.0
Micronized (D50=25μm),FaSSIF (pH 6.8),46.76,100.0
Micronized (D50=25μm),FaSSIF (pH 6.8),46.96,100.0
Micronized (D50=25μm),FaSSIF (pH 6.8),47.16,100.0
Micronized (D50=25μm),FaSSIF (pH 6.8),47.36,100.0
Micronized (D50=25μm),FaSSIF (pH 6.8),47.56,100.0
Micronized (D50=25μm),FaSSIF (pH 6.8),47.76,100.0
Micronized (D50=25μm),FaSSIF (pH 6.8),47.96,100.0
Micronized (D50=25μm),FaSSIF (pH 6.8),48.16,100.0
Micronized (D50=25μm),FaSSIF (pH 6.8),48.36,100.0
Micronized (D50=25μm),FaSSIF (pH 6.8),48.56,100.0
Micronized (D50=25μm),FaSSIF (pH 6.8),48.76,100.0
Micronized (D50=25μm),FaSSIF (pH 6.8),48.96,100.0
Micronized (D50=25μm),FaSSIF (pH 6.8),49.16,100.0
Micronized (D50=25μm),FaSSIF (pH 6.8),49.36,100.0
Micronized (D50=25μm),FaSSIF (pH 6.8),49.57,100.0
Micronized (D50=25μm),FaSSIF (pH 6.8),49.77,100.0
Micronized (D50=25μm),FaSSIF (pH 6.8),49.97,100.0
Micronized (D50=25μm),FaSSIF (pH 6.8),50.17,100.0
Micronized (D50=25μm),FaSSIF (pH 6.8),50.37,100.0
Micronized (D50=25μm),FaSSIF (pH 6.8),50.57,100.0
Micronized (D50=25μm),FaSSIF (pH 6.8),50.77,100.0
Micronized (D50=25μm),FaSSIF (pH 6.8),50.97,100.0
Micronized (D50=25μm),FaSSIF (pH 6.8),51.17,100.0
Micronized (D50=25μm),FaSSIF (pH 6.8),51.37,100.0
Micronized (D50=25μm),FaSSIF (pH 6.8),51.57,100.0
Micronized (D50=25μm),FaSSIF (pH 6.8),51.77,100.0
Micronized (D50=25μm),FaSSIF (pH 6.8),51.97,100.0
Micronized (D50=25μm),FaSSIF (pH 6.8),52.17,100.0
Micronized (D50=25μm),FaSSIF (pH 6.8),52.37,100.0
Micronized (D50=25μm),FaSSIF (pH 6.8),52.58,100.0
Micronized (D50=25μm),FaSSIF (pH 6.8),52.78,100.0
Micronized (D50=25μm),FaSSIF (pH 6.8),52.98,100.0
Micronized (D50=25μm),FaSSIF (pH 6.8),53.18,100.0
Micronized (D50=25μm),FaSSIF (pH 6.8),53.38,100.0
Micronized (D50=25μm),FaSSIF (pH 6.8),53.58,100.0
Micronized (D50=25μm),FaSSIF (pH 6.8),53.78,100.0
Micronized (D50=25μm),FaSSIF (pH 6.8),53.98,100.0
Micronized (D50=25μm),FaSSIF (pH 6.8),54.18,100.0
Micronized (D50=25μm),FaSSIF (pH 6.8),54.38,100.0
Micronized (D50=25μm),FaSSIF (pH 6.8),54.58,100.0
Micronized (D50=25μm),FaSSIF (pH 6.8),54.78,100.0
Micronized (D50=25μm),FaSSIF (pH 6.8),54.98,100.0
Micronized (D50=25μm),FaSSIF (pH 6.8),55.18,100.0
Micronized (D50=25μm),FaSSIF (pH 6.8),55.38,100.0
Micronized (D50=25μm),FaSSIF (pH 6.8),55.59,100.0
Micronized (D50=25μm),FaSSIF (pH 6.8),55.79,100.0
Micronized (D50=25μm),FaSSIF (pH 6.8),55.99,100.0
Micronized (D50=25μm),FaSSIF (pH 6.8),56.19,100.0
Micronized (D50=25μm),FaSSIF (pH 6.8),56.39,100.0
Micronized (D50=25μm),FaSSIF (pH 6.8),56.59,100.0
Micronized (D50=25μm),FaSSIF (pH 6.8),56.79,100.0
Micronized (D50=25μm),FaSSIF (pH 6.8),56.99,100.0
Micronized (D50=25μm),FaSSIF (pH 6.8),57.19,100.0
Micronized (D50=25μm),FaSSIF (pH 6.8),57.39,100.0
Micronized (D50=25μm),FaSSIF (pH 6.8),57.59,100.0
Micronized (D50=25μm),FaSSIF (pH 6.8),57.79,100.0
Micronized (D50=25μm),FaSSIF (pH 6.8),57.99,100.0
Micronized (D50=25μm),FaSSIF (pH 6.8),58.19,100.0
Micronized (D50=25μm),FaSSIF (pH 6.8),58.39,100.0
Micronized (D50=25μm),FaSSIF (pH 6.8),58.6,100.0
Micronized (D50=25μm),FaSSIF (pH 6.8),58.8,100.0
Micronized (D50=25μm),FaSSIF (pH 6.8),59.0,100.0
Micronized (D50=25μm),FaSSIF (pH 6.8),59.2,100.0
Micronized (D50=25μm),FaSSIF (pH 6.8),59.4,100.0
Micronized (D50=25μm),FaSSIF (pH 6.8),59.6,100.0
Micronized (D50=25μm),FaSSIF (pH 6.8),59.8,100.0
Micronized (D50=25μm),FaSSIF (pH 6.8),60.0,100.0
Nano (D50=1μm),FaSSIF (pH 6.8),0.0,0.0
Nano (D50=1μm),FaSSIF (pH 6.8),0.2,99.32
Nano (D50=1μm),FaSSIF (pH 6.8),0.4,100.0
Nano (D50=1μm),FaSSIF (pH 6.8),0.6,100.0
Nano (D50=1μm),FaSSIF (pH 6.8),0.8,100.0
Nano (D50=1μm),FaSSIF (pH 6.8),1.0,100.0
Nano (D50=1μm),FaSSIF (pH 6.8),1.2,100.0
Nano (D50=1μm),FaSSIF (pH 6.8),1.4,100.0
Nano (D50=1μm),FaSSIF (pH 6.8),1.61,100.0
Nano (D50=1μm),FaSSIF (pH 6.8),1.81,100.0
Nano (D50=1μm),FaSSIF (pH 6.8),2.01,100.0
Nano (D50=1μm),FaSSIF (pH 6.8),2.21,100.0
Nano (D50=1μm),FaSSIF (pH 6.8),2.41,100.0
Nano (D50=1μm),FaSSIF (pH 6.8),2.61,100.0
Nano (D50=1μm),FaSSIF (pH 6.8),2.81,100.0
Nano (D50=1μm),FaSSIF (pH 6.8),3.01,100.0
Nano (D50=1μm),FaSSIF (pH 6.8),3.21,100.0
Nano (D50=1μm),FaSSIF (pH 6.8),3.41,100.0
Nano (D50=1μm),FaSSIF (pH 6.8),3.61,100.0
Nano (D50=1μm),FaSSIF (pH 6.8),3.81,100.0
Nano (D50=1μm),FaSSIF (pH 6.8),4.01,100.0
Nano (D50=1μm),FaSSIF (pH 6.8),4.21,100.0
Nano (D50=1μm),FaSSIF (pH 6.8),4.41,100.0
Nano (D50=1μm),FaSSIF (pH 6.8),4.62,100.0
Nano (D50=1μm),FaSSIF (pH 6.8),4.82,100.0
Nano (D50=1μm),FaSSIF (pH 6.8),5.02,100.0
Nano (D50=1μm),FaSSIF (pH 6.8),5.22,100.0
Nano (D50=1μm),FaSSIF (pH 6.8),5.42,100.0
Nano (D50=1μm),FaSSIF (pH 6.8),5.62,100.0
Nano (D50=1μm),FaSSIF (pH 6.8),5.82,100.0
Nano (D50=1μm),FaSSIF (pH 6.8),6.02,100.0
Nano (D50=1μm),FaSSIF (pH 6.8),6.22,100.0
Nano (D50=1μm),FaSSIF (pH 6.8),6.42,100.0
Nano (D50=1μm),FaSSIF (pH 6.8),6.62,100.0
Nano (D50=1μm),FaSSIF (pH 6.8),6.82,100.0
Nano (D50=1μm),FaSSIF (pH 6.8),7.02,100.0
Nano (D50=1μm),FaSSIF (pH 6.8),7.22,100.0
Nano (D50=1μm),FaSSIF (pH 6.8),7.42,100.0
Nano (D50=1μm),FaSSIF (pH 6.8),7.63,100.0
Nano (D50=1μm),FaSSIF (pH 6.8),7.83,100.0
Nano (D50=1μm),FaSSIF (pH 6.8),8.03,100.0
Nano (D50=1μm),FaSSIF (pH 6.8),8.23,100.0
Nano (D50=1μm),FaSSIF (pH 6.8),8.43,100.0
Nano (D50=1μm),FaSSIF (pH 6.8),8.63,100.0
Nano (D50=1μm),FaSSIF (pH 6.8),8.83,100.0
Nano (D50=1μm),FaSSIF (pH 6.8),9.03,100.0
Nano (D50=1μm),FaSSIF (pH 6.8),9.23,100.0
Nano (D50=1μm),FaSSIF (pH 6.8),9.43,100.0
Nano (D50=1μm),FaSSIF (pH 6.8),9.63,100.0
Nano (D50=1μm),FaSSIF (pH 6.8),9.83,100.0
Nano (D50=1μm),FaSSIF (pH 6.8),10.03,100.0
Nano (D50=1μm),FaSSIF (pH 6.8),10.23,100.0
Nano (D50=1μm),FaSSIF (pH 6.8),10.43,100.0
Nano (D50=1μm),FaSSIF (pH 6.8),10.64,100.0
Nano (D50=1μm),FaSSIF (pH 6.8),10.84,100.0
Nano (D50=1μm),FaSSIF (pH 6.8),11.04,100.0
Nano (D50=1μm),FaSSIF (pH 6.8),11.24,100.0
Nano (D50=1μm),FaSSIF (pH 6.8),11.44,100.0
Nano (D50=1μm),FaSSIF (pH 6.8),11.64,100.0
Nano (D50=1μm),FaSSIF (pH 6.8),11.84,100.0
Nano (D50=1μm),FaSSIF (pH 6.8),12.04,100.0
Nano (D50=1μm),FaSSIF (pH 6.8),12.24,100.0
Nano (D50=1μm),FaSSIF (pH 6.8),12.44,100.0
Nano (D50=1μm),FaSSIF (pH 6.8),12.64,100.0
Nano (D50=1μm),FaSSIF (pH 6.8),12.84,100.0
Nano (D50=1μm),FaSSIF (pH 6.8),13.04,100.0
Nano (D50=1μm),FaSSIF (pH 6.8),13.24,100.0
Nano (D50=1μm),FaSSIF (pH 6.8),13.44,100.0
Nano (D50=1μm),FaSSIF (pH 6.8),13.65,100.0
Nano (D50=1μm),FaSSIF (pH 6.8),13.85,100.0
Nano (D50=1μm),FaSSIF (pH 6.8),14.05,100.0
Nano (D50=1μm),FaSSIF (pH 6.8),14.25,100.0
Nano (D50=1μm),FaSSIF (pH 6.8),14.45,100.0
Nano (D50=1μm),FaSSIF (pH 6.8),14.65,100.0
Nano (D50=1μm),FaSSIF (pH 6.8),14.85,100.0
Nano (D50=1μm),FaSSIF (pH 6.8),15.05,100.0
Nano (D50=1μm),FaSSIF (pH 6.8),15.25,100.0
Nano (D50=1μm),FaSSIF (pH 6.8),15.45,100.0
Nano (D50=1μm),FaSSIF (pH 6.8),15.65,100.0
Nano (D50=1μm),FaSSIF (pH 6.8),15.85,100.0
Nano (D50=1μm),FaSSIF (pH 6.8),16.05,100.0
Nano (D50=1μm),FaSSIF (pH 6.8),16.25,100.0
Nano (D50=1μm),FaSSIF (pH 6.8),16.45,100.0
Nano (D50=1μm),FaSSIF (pH 6.8),16.66,100.0
Nano (D50=1μm),FaSSIF (pH 6.8),16.86,100.0
Nano (D50=1μm),FaSSIF (pH 6.8),17.06,100.0
Nano (D50=1μm),FaSSIF (pH 6.8),17.26,100.0
Nano (D50=1μm),FaSSIF (pH 6.8),17.46,100.0
Nano (D50=1μm),FaSSIF (pH 6.8),17.66,100.0
Nano (D50=1μm),FaSSIF (pH 6.8),17.86,100.0
Nano (D50=1μm),FaSSIF (pH 6.8),18.06,100.0
Nano (D50=1μm),FaSSIF (pH 6.8),18.26,100.0
Nano (D50=1μm),FaSSIF (pH 6.8),18.46,100.0
Nano (D50=1μm),FaSSIF (pH 6.8),18.66,100.0
Nano (D50=1μm),FaSSIF (pH 6.8),18.86,100.0
Nano (D50=1μm),FaSSIF (pH 6.8),19.06,100.0
Nano (D50=1μm),FaSSIF (pH 6.8),19.26,100.0
Nano (D50=1μm),FaSSIF (pH 6.8),19.46,100.0
Nano (D50=1μm),FaSSIF (pH 6.8),19.67,100.0
Nano (D50=1μm),FaSSIF (pH 6.8),19.87,100.0
Nano (D50=1μm),FaSSIF (pH 6.8),20.07,100.0
Nano (D50=1μm),FaSSIF (pH 6.8),20.27,100.0
Nano (D50=1μm),FaSSIF (pH 6.8),20.47,100.0
Nano (D50=1μm),FaSSIF (pH 6.8),20.67,100.0
Nano (D50=1μm),FaSSIF (pH 6.8),20.87,100.0
Nano (D50=1μm),FaSSIF (pH 6.8),21.07,100.0
Nano (D50=1μm),FaSSIF (pH 6.8),21.27,100.0
Nano (D50=1μm),FaSSIF (pH 6.8),21.47,100.0
Nano (D50=1μm),FaSSIF (pH 6.8),21.67,100.0
Nano (D50=1μm),FaSSIF (pH 6.8),21.87,100.0
Nano (D50=1μm),FaSSIF (pH 6.8),22.07,100.0
Nano (D50=1μm),FaSSIF (pH 6.8),22.27,100.0
Nano (D50=1μm),FaSSIF (pH 6.8),22.47,100.0
Nano (D50=1μm),FaSSIF (pH 6.8),22.68,100.0
Nano (D50=1μm),FaSSIF (pH 6.8),22.88,100.0
Nano (D50=1μm),FaSSIF (pH 6.8),23.08,100.0
Nano (D50=1μm),FaSSIF (pH 6.8),23.28,100.0
Nano (D50=1μm),FaSSIF (pH 6.8),23.48,100.0
Nano (D50=1μm),FaSSIF (pH 6.8),23.68,100.0
Nano (D50=1μm),FaSSIF (pH 6.8),23.88,100.0
Nano (D50=1μm),FaSSIF (pH 6.8),24.08,100.0
Nano (D50=1μm),FaSSIF (pH 6.8),24.28,100.0
Nano (D50=1μm),FaSSIF (pH 6.8),24.48,100.0
Nano (D50=1μm),FaSSIF (pH 6.8),24.68,100.0
Nano (D50=1μm),FaSSIF (pH 6.8),24.88,100.0
Nano (D50=1μm),FaSSIF (pH 6.8),25.08,100.0
Nano (D50=1μm),FaSSIF (pH 6.8),25.28,100.0
Nano (D50=1μm),FaSSIF (pH 6.8),25.48,100.0
Nano (D50=1μm),FaSSIF (pH 6.8),25.69,100.0
Nano (D50=1μm),FaSSIF (pH 6.8),25.89,100.0
Nano (D50=1μm),FaSSIF (pH 6.8),26.09,100.0
Nano (D50=1μm),FaSSIF (pH 6.8),26.29,100.0
Nano (D50=1μm),FaSSIF (pH 6.8),26.49,100.0
Nano (D50=1μm),FaSSIF (pH 6.8),26.69,100.0
Nano (D50=1μm),FaSSIF (pH 6.8),26.89,100.0
Nano (D50=1μm),FaSSIF (pH 6.8),27.09,100.0
Nano (D50=1μm),FaSSIF (pH 6.8),27.29,100.0
Nano (D50=1μm),FaSSIF (pH 6.8),27.49,100.0
Nano (D50=1μm),FaSSIF (pH 6.8),27.69,100.0
Nano (D50=1μm),FaSSIF (pH 6.8),27.89,100.0
Nano (D50=1μm),FaSSIF (pH 6.8),28.09,100.0
Nano (D50=1μm),FaSSIF (pH 6.8),28.29,100.0
Nano (D50=1μm),FaSSIF (pH 6.8),28.49,100.0
Nano (D50=1μm),FaSSIF (pH 6.8),28.7,100.0
Nano (D50=1μm),FaSSIF (pH 6.8),28.9,100.0
Nano (D50=1μm),FaSSIF (pH 6.8),29.1,100.0
Nano (D50=1μm),FaSSIF (pH 6.8),29.3,100.0
Nano (D50=1μm),FaSSIF (pH 6.8),29.5,100.0
Nano (D50=1μm),FaSSIF (pH 6.8),29.7,100.0
Nano (D50=1μm),FaSSIF (pH 6.8),29.9,100.0
Nano (D50=1μm),FaSSIF (pH 6.8),30.1,100.0
Nano (D50=1μm),FaSSIF (pH 6.8),30.3,100.0
Nano (D50=1μm),FaSSIF (pH 6.8),30.5,100.0
Nano (D50=1μm),FaSSIF (pH 6.8),30.7,100.0
Nano (D50=1μm),FaSSIF (pH 6.8),30.9,100.0
Nano (D50=1μm),FaSSIF (pH 6.8),31.1,100.0
Nano (D50=1μm),FaSSIF (pH 6.8),31.3,100.0
Nano (D50=1μm),FaSSIF (pH 6.8),31.51,100.0
Nano (D50=1μm),FaSSIF (pH 6.8),31.71,100.0
Nano (D50=1μm),FaSSIF (pH 6.8),31.91,100.0
Nano (D50=1μm),FaSSIF (pH 6.8),32.11,100.0
Nano (D50=1μm),FaSSIF (pH 6.8),32.31,100.0
Nano (D50=1μm),FaSSIF (pH 6.8),32.51,100.0
Nano (D50=1μm),FaSSIF (pH 6.8),32.71,100.0
Nano (D50=1μm),FaSSIF (pH 6.8),32.91,100.0
Nano (D50=1μm),FaSSIF (pH 6.8),33.11,100.0
Nano (D50=1μm),FaSSIF (pH 6.8),33.31,100.0
Nano (D50=1μm),FaSSIF (pH 6.8),33.51,100.0
Nano (D50=1μm),FaSSIF (pH 6.8),33.71,100.0
Nano (D50=1μm),FaSSIF (pH 6.8),33.91,100.0
Nano (D50=1μm),FaSSIF (pH 6.8),34.11,100.0
Nano (D50=1μm),FaSSIF (pH 6.8),34.31,100.0
Nano (D50=1μm),FaSSIF (pH 6.8),34.52,100.0
Nano (D50=1μm),FaSSIF (pH 6.8),34.72,100.0
Nano (D50=1μm),FaSSIF (pH 6.8),34.92,100.0
Nano (D50=1μm),FaSSIF (pH 6.8),35.12,100.0
Nano (D50=1μm),FaSSIF (pH 6.8),35.32,100.0
Nano (D50=1μm),FaSSIF (pH 6.8),35.52,100.0
Nano (D50=1μm),FaSSIF (pH 6.8),35.72,100.0
Nano (D50=1μm),FaSSIF (pH 6.8),35.92,100.0
Nano (D50=1μm),FaSSIF (pH 6.8),36.12,100.0
Nano (D50=1μm),FaSSIF (pH 6.8),36.32,100.0
Nano (D50=1μm),FaSSIF (pH 6.8),36.52,100.0
Nano (D50=1μm),FaSSIF (pH 6.8),36.72,100.0
Nano (D50=1μm),FaSSIF (pH 6.8),36.92,100.0
Nano (D50=1μm),FaSSIF (pH 6.8),37.12,100.0
Nano (D50=1μm),FaSSIF (pH 6.8),37.32,100.0
Nano (D50=1μm),FaSSIF (pH 6.8),37.53,100.0
Nano (D50=1μm),FaSSIF (pH 6.8),37.73,100.0
Nano (D50=1μm),FaSSIF (pH 6.8),37.93,100.0
Nano (D50=1μm),FaSSIF (pH 6.8),38.13,100.0
Nano (D50=1μm),FaSSIF (pH 6.8),38.33,100.0
Nano (D50=1μm),FaSSIF (pH 6.8),38.53,100.0
Nano (D50=1μm),FaSSIF (pH 6.8),38.73,100.0
Nano (D50=1μm),FaSSIF (pH 6.8),38.93,100.0
Nano (D50=1μm),FaSSIF (pH 6.8),39.13,100.0
Nano (D50=1μm),FaSSIF (pH 6.8),39.33,100.0
Nano (D50=1μm),FaSSIF (pH 6.8),39.53,100.0
Nano (D50=1μm),FaSSIF (pH 6.8),39.73,100.0
Nano (D50=1μm),FaSSIF (pH 6.8),39.93,100.0
Nano (D50=1μm),FaSSIF (pH 6.8),40.13,100.0
Nano (D50=1μm),FaSSIF (pH 6.8),40.33,100.0
Nano (D50=1μm),FaSSIF (pH 6.8),40.54,100.0
Nano (D50=1μm),FaSSIF (pH 6.8),40.74,100.0
Nano (D50=1μm),FaSSIF (pH 6.8),40.94,100.0
Nano (D50=1μm),FaSSIF (pH 6.8),41.14,100.0
Nano (D50=1μm),FaSSIF (pH 6.8),41.34,100.0
Nano (D50=1μm),FaSSIF (pH 6.8),41.54,100.0
Nano (D50=1μm),FaSSIF (pH 6.8),41.74,100.0
Nano (D50=1μm),FaSSIF (pH 6.8),41.94,100.0
Nano (D50=1μm),FaSSIF (pH 6.8),42.14,100.0
Nano (D50=1μm),FaSSIF (pH 6.8),42.34,100.0
Nano (D50=1μm),FaSSIF (pH 6.8),42.54,100.0
Nano (D50=1μm),FaSSIF (pH 6.8),42.74,100.0
Nano (D50=1μm),FaSSIF (pH 6.8),42.94,100.0
Nano (D50=1μm),FaSSIF (pH 6.8),43.14,100.0
Nano (D50=1μm),FaSSIF (pH 6.8),43.34,100.0
Nano (D50=1μm),FaSSIF (pH 6.8),43.55,100.0
Nano (D50=1μm),FaSSIF (pH 6.8),43.75,100.0
Nano (D50=1μm),FaSSIF (pH 6.8),43.95,100.0
Nano (D50=1μm),FaSSIF (pH 6.8),44.15,100.0
Nano (D50=1μm),FaSSIF (pH 6.8),44.35,100.0
Nano (D50=1μm),FaSSIF (pH 6.8),44.55,100.0
Nano (D50=1μm),FaSSIF (pH 6.8),44.75,100.0
Nano (D50=1μm),FaSSIF (pH 6.8),44.95,100.0
Nano (D50=1μm),FaSSIF (pH 6.8),45.15,100.0
Nano (D50=1μm),FaSSIF (pH 6.8),45.35,100.0
Nano (D50=1μm),FaSSIF (pH 6.8),45.55,100.0
Nano (D50=1μm),FaSSIF (pH 6.8),45.75,100.0
Nano (D50=1μm),FaSSIF (pH 6.8),45.95,100.0
Nano (D50=1μm),FaSSIF (pH 6.8),46.15,100.0
Nano (D50=1μm),FaSSIF (pH 6.8),46.35,100.0
Nano (D50=1μm),FaSSIF (pH 6.8),46.56,100.0
Nano (D50=1μm),FaSSIF (pH 6.8),46.76,100.0
Nano (D50=1μm),FaSSIF (pH 6.8),46.96,100.0
Nano (D50=1μm),FaSSIF (pH 6.8),47.16,100.0
Nano (D50=1μm),FaSSIF (pH 6.8),47.36,100.0
Nano (D50=1μm),FaSSIF (pH 6.8),47.56,100.0
Nano (D50=1μm),FaSSIF (pH 6.8),47.76,100.0
Nano (D50=1μm),FaSSIF (pH 6.8),47.96,100.0
Nano (D50=1μm),FaSSIF (pH 6.8),48.16,100.0
Nano (D50=1μm),FaSSIF (pH 6.8),48.36,100.0
Nano (D50=1μm),FaSSIF (pH 6.8),48.56,100.0
Nano (D50=1μm),FaSSIF (pH 6.8),48.76,100.0
Nano (D50=1μm),FaSSIF (pH 6.8),48.96,100.0
Nano (D50=1μm),FaSSIF (pH 6.8),49.16,100.0
Nano (D50=1μm),FaSSIF (pH 6.8),49.36,100.0
Nano (D50=1μm),FaSSIF (pH 6.8),49.57,100.0
Nano (D50=1μm),FaSSIF (pH 6.8),49.77,100.0
Nano (D50=1μm),FaSSIF (pH 6.8),49.97,100.0
Nano (D50=1μm),FaSSIF (pH 6.8),50.17,100.0
Nano (D50=1μm),FaSSIF (pH 6.8),50.37,100.0
Nano (D50=1μm),FaSSIF (pH 6.8),50.57,100.0
Nano (D50=1μm),FaSSIF (pH 6.8),50.77,100.0
Nano (D50=1μm),FaSSIF (pH 6.8),50.97,100.0
Nano (D50=1μm),FaSSIF (pH 6.8),51.17,100.0
Nano (D50=1μm),FaSSIF (pH 6.8),51.37,100.0
Nano (D50=1μm),FaSSIF (pH 6.8),51.57,100.0
Nano (D50=1μm),FaSSIF (pH 6.8),51.77,100.0
Nano (D50=1μm),FaSSIF (pH 6.8),51.97,100.0
Nano (D50=1μm),FaSSIF (pH 6.8),52.17,100.0
Nano (D50=1μm),FaSSIF (pH 6.8),52.37,100.0
Nano (D50=1μm),FaSSIF (pH 6.8),52.58,100.0
Nano (D50=1μm),FaSSIF (pH 6.8),52.78,100.0
Nano (D50=1μm),FaSSIF (pH 6.8),52.98,100.0
Nano (D50=1μm),FaSSIF (pH 6.8),53.18,100.0
Nano (D50=1μm),FaSSIF (pH 6.8),53.38,100.0
Nano (D50=1μm),FaSSIF (pH 6.8),53.58,100.0
Nano (D50=1μm),FaSSIF (pH 6.8),53.78,100.0
Nano (D50=1μm),FaSSIF (pH 6.8),53.98,100.0
Nano (D50=1μm),FaSSIF (pH 6.8),54.18,100.0
Nano (D50=1μm),FaSSIF (pH 6.8),54.38,100.0
Nano (D50=1μm),FaSSIF (pH 6.8),54.58,100.0
Nano (D50=1μm),FaSSIF (pH 6.8),54.78,100.0
Nano (D50=1μm),FaSSIF (pH 6.8),54.98,100.0
Nano (D50=1μm),FaSSIF (pH 6.8),55.18,100.0
Nano (D50=1μm),FaSSIF (pH 6.8),55.38,100.0
Nano (D50=1μm),FaSSIF (pH 6.8),55.59,100.0
Nano (D50=1μm),FaSSIF (pH 6.8),55.79,100.0
Nano (D50=1μm),FaSSIF (pH 6.8),55.99,100.0
Nano (D50=1μm),FaSSIF (pH 6.8),56.19,100.0
Nano (D50=1μm),FaSSIF (pH 6.8),56.39,100.0
Nano (D50=1μm),FaSSIF (pH 6.8),56.59,100.0
Nano (D50=1μm),FaSSIF (pH 6.8),56.79,100.0
Nano (D50=1μm),FaSSIF (pH 6.8),56.99,100.0
Nano (D50=1μm),FaSSIF (pH 6.8),57.19,100.0
Nano (D50=1μm),FaSSIF (pH 6.8),57.39,100.0
Nano (D50=1μm),FaSSIF (pH 6.8),57.59,100.0
Nano (D50=1μm),FaSSIF (pH 6.8),57.79,100.0
Nano (D50=1μm),FaSSIF (pH 6.8),57.99,100.0
Nano (D50=1μm),FaSSIF (pH 6.8),58.19,100.0
Nano (D50=1μm),FaSSIF (pH 6.8),58.39,100.0
Nano (D50=1μm),FaSSIF (pH 6.8),58.6,100.0
Nano (D50=1μm),FaSSIF (pH 6.8),58.8,100.0
Nano (D50=1μm),FaSSIF (pH 6.8),59.0,100.0
Nano (D50=1μm),FaSSIF (pH 6.8),59.2,100.0
Nano (D50=1μm),FaSSIF (pH 6.8),59.4,100.0
Nano (D50=1μm),FaSSIF (pH 6.8),59.6,100.0
Nano (D50=1μm),FaSSIF (pH 6.8),59.8,100.0
Nano (D50=1μm),FaSSIF (pH 6.8),60.0,100.0
Reference (D50=150μm),SGF (pH 1.2),0.0,0.0
Reference (D50=150μm),SGF (pH 1.2),0.2,0.85
Reference (D50=150μm),SGF (pH 1.2),0.4,1.64
Reference (D50=150μm),SGF (pH 1.2),0.6,2.36
Reference (D50=150μm),SGF (pH 1.2),0.8,3.02
Reference (D50=150μm),SGF (pH 1.2),1.0,3.62
Reference (D50=150μm),SGF (pH 1.2),1.2,4.18
Reference (D50=150μm),SGF (pH 1.2),1.4,4.7
Reference (D50=150μm),SGF (pH 1.2),1.61,5.18
Reference (D50=150μm),SGF (pH 1.2),1.81,5.61
Reference (D50=150μm),SGF (pH 1.2),2.01,6.02
Reference (D50=150μm),SGF (pH 1.2),2.21,6.4
Reference (D50=150μm),SGF (pH 1.2),2.41,6.74
Reference (D50=150μm),SGF (pH 1.2),2.61,7.06
Reference (D50=150μm),SGF (pH 1.2),2.81,7.36
Reference (D50=150μm),SGF (pH 1.2),3.01,7.64
Reference (D50=150μm),SGF (pH 1.2),3.21,7.89
Reference (D50=150μm),SGF (pH 1.2),3.41,8.13
Reference (D50=150μm),SGF (pH 1.2),3.61,8.35
Reference (D50=150μm),SGF (pH 1.2),3.81,8.55
Reference (D50=150μm),SGF (pH 1.2),4.01,8.74
Reference (D50=150μm),SGF (pH 1.2),4.21,8.91
Reference (D50=150μm),SGF (pH 1.2),4.41,9.08
Reference (D50=150μm),SGF (pH 1.2),4.62,9.23
Reference (D50=150μm),SGF (pH 1.2),4.82,9.37
Reference (D50=150μm),SGF (pH 1.2),5.02,9.5
Reference (D50=150μm),SGF (pH 1.2),5.22,9.62
Reference (D50=150μm),SGF (pH 1.2),5.42,9.73
Reference (D50=150μm),SGF (pH 1.2),5.62,9.84
Reference (D50=150μm),SGF (pH 1.2),5.82,9.93
Reference (D50=150μm),SGF (pH 1.2),6.02,10.03
Reference (D50=150μm),SGF (pH 1.2),6.22,10.11
Reference (D50=150μm),SGF (pH 1.2),6.42,10.19
Reference (D50=150μm),SGF (pH 1.2),6.62,10.26
Reference (D50=150μm),SGF (pH 1.2),6.82,10.33
Reference (D50=150μm),SGF (pH 1.2),7.02,10.39
Reference (D50=150μm),SGF (pH 1.2),7.22,10.45
Reference (D50=150μm),SGF (pH 1.2),7.42,10.51
Reference (D50=150μm),SGF (pH 1.2),7.63,10.56
Reference (D50=150μm),SGF (pH 1.2),7.83,10.6
Reference (D50=150μm),SGF (pH 1.2),8.03,10.65
Reference (D50=150μm),SGF (pH 1.2),8.23,10.69
Reference (D50=150μm),SGF (pH 1.2),8.43,10.73
Reference (D50=150μm),SGF (pH 1.2),8.63,10.76
Reference (D50=150μm),SGF (pH 1.2),8.83,10.8
Reference (D50=150μm),SGF (pH 1.2),9.03,10.83
Reference (D50=150μm),SGF (pH 1.2),9.23,10.86
Reference (D50=150μm),SGF (pH 1.2),9.43,10.88
Reference (D50=150μm),SGF (pH 1.2),9.63,10.91
Reference (D50=150μm),SGF (pH 1.2),9.83,10.93
Reference (D50=150μm),SGF (pH 1.2),10.03,10.95
Reference (D50=150μm),SGF (pH 1.2),10.23,10.97
Reference (D50=150μm),SGF (pH 1.2),10.43,10.99
Reference (D50=150μm),SGF (pH 1.2),10.64,11.01
Reference (D50=150μm),SGF (pH 1.2),10.84,11.03
Reference (D50=150μm),SGF (pH 1.2),11.04,11.04
Reference (D50=150μm),SGF (pH 1.2),11.24,11.06
Reference (D50=150μm),SGF (pH 1.2),11.44,11.07
Reference (D50=150μm),SGF (pH 1.2),11.64,11.08
Reference (D50=150μm),SGF (pH 1.2),11.84,11.09
Reference (D50=150μm),SGF (pH 1.2),12.04,11.1
Reference (D50=150μm),SGF (pH 1.2),12.24,11.11
Reference (D50=150μm),SGF (pH 1.2),12.44,11.12
Reference (D50=150μm),SGF (pH 1.2),12.64,11.13
Reference (D50=150μm),SGF (pH 1.2),12.84,11.14
Reference (D50=150μm),SGF (pH 1.2),13.04,11.15
Reference (D50=150μm),SGF (pH 1.2),13.24,11.15
Reference (D50=150μm),SGF (pH 1.2),13.44,11.16
Reference (D50=150μm),SGF (pH 1.2),13.65,11.17
Reference (D50=150μm),SGF (pH 1.2),13.85,11.17
Reference (D50=150μm),SGF (pH 1.2),14.05,11.18
Reference (D50=150μm),SGF (pH 1.2),14.25,11.18
Reference (D50=150μm),SGF (pH 1.2),14.45,11.19
Reference (D50=150μm),SGF (pH 1.2),14.65,11.19
Reference (D50=150μm),SGF (pH 1.2),14.85,11.2
Reference (D50=150μm),SGF (pH 1.2),15.05,11.2
Reference (D50=150μm),SGF (pH 1.2),15.25,11.2
Reference (D50=150μm),SGF (pH 1.2),15.45,11.21
Reference (D50=150μm),SGF (pH 1.2),15.65,11.21
Reference (D50=150μm),SGF (pH 1.2),15.85,11.21
Reference (D50=150μm),SGF (pH 1.2),16.05,11.21
Reference (D50=150μm),SGF (pH 1.2),16.25,11.22
Reference (D50=150μm),SGF (pH 1.2),16.45,11.22
Reference (D50=150μm),SGF (pH 1.2),16.66,11.22
Reference (D50=150μm),SGF (pH 1.2),16.86,11.22
Reference (D50=150μm),SGF (pH 1.2),17.06,11.22
Reference (D50=150μm),SGF (pH 1.2),17.26,11.23
Reference (D50=150μm),SGF (pH 1.2),17.46,11.23
Reference (D50=150μm),SGF (pH 1.2),17.66,11.23
Reference (D50=150μm),SGF (pH 1.2),17.86,11.23
Reference (D50=150μm),SGF (pH 1.2),18.06,11.23
Reference (D50=150μm),SGF (pH 1.2),18.26,11.23
Reference (D50=150μm),SGF (pH 1.2),18.46,11.23
Reference (D50=150μm),SGF (pH 1.2),18.66,11.24
Reference (D50=150μm),SGF (pH 1.2),18.86,11.24
Reference (D50=150μm),SGF (pH 1.2),19.06,11.24
Reference (D50=150μm),SGF (pH 1.2),19.26,11.24
Reference (D50=150μm),SGF (pH 1.2),19.46,11.24
Reference (D50=150μm),SGF (pH 1.2),19.67,11.24
Reference (D50=150μm),SGF (pH 1.2),19.87,11.24
Reference (D50=150μm),SGF (pH 1.2),20.07,11.24
Reference (D50=150μm),SGF (pH 1.2),20.27,11.24
Reference (D50=150μm),SGF (pH 1.2),20.47,11.24
Reference (D50=150μm),SGF (pH 1.2),20.67,11.24
Reference (D50=150μm),SGF (pH 1.2),20.87,11.24
Reference (D50=150μm),SGF (pH 1.2),21.07,11.24
Reference (D50=150μm),SGF (pH 1.2),21.27,11.24
Reference (D50=150μm),SGF (pH 1.2),21.47,11.24
Reference (D50=150μm),SGF (pH 1.2),21.67,11.25
Reference (D50=150μm),SGF (pH 1.2),21.87,11.25
Reference (D50=150μm),SGF (pH 1.2),22.07,11.25
Reference (D50=150μm),SGF (pH 1.2),22.27,11.25
Reference (D50=150μm),SGF (pH 1.2),22.47,11.25
Reference (D50=150μm),SGF (pH 1.2),22.68,11.25
Reference (D50=150μm),SGF (pH 1.2),22.88,11.25
Reference (D50=150μm),SGF (pH 1.2),23.08,11.25
Reference (D50=150μm),SGF (pH 1.2),23.28,11.25
Reference (D50=150μm),SGF (pH 1.2),23.48,11.25
Reference (D50=150μm),SGF (pH 1.2),23.68,11.25
Reference (D50=150μm),SGF (pH 1.2),23.88,11.25
Reference (D50=150μm),SGF (pH 1.2),24.08,11.25
Reference (D50=150μm),SGF (pH 1.2),24.28,11.25
Reference (D50=150μm),SGF (pH 1.2),24.48,11.25
Reference (D50=150μm),SGF (pH 1.2),24.68,11.25
Reference (D50=150μm),SGF (pH 1.2),24.88,11.25
Reference (D50=150μm),SGF (pH 1.2),25.08,11.25
Reference (D50=150μm),SGF (pH 1.2),25.28,11.25
Reference (D50=150μm),SGF (pH 1.2),25.48,11.25
Reference (D50=150μm),SGF (pH 1.2),25.69,11.25
Reference (D50=150μm),SGF (pH 1.2),25.89,11.25
Reference (D50=150μm),SGF (pH 1.2),26.09,11.25
Reference (D50=150μm),SGF (pH 1.2),26.29,11.25
Reference (D50=150μm),SGF (pH 1.2),26.49,11.25
Reference (D50=150μm),SGF (pH 1.2),26.69,11.25
Reference (D50=150μm),SGF (pH 1.2),26.89,11.25
Reference (D50=150μm),SGF (pH 1.2),27.09,11.25
Reference (D50=150μm),SGF (pH 1.2),27.29,11.25
Reference (D50=150μm),SGF (pH 1.2),27.49,11.25
Reference (D50=150μm),SGF (pH 1.2),27.69,11.25
Reference (D50=150μm),SGF (pH 1.2),27.89,11.25
Reference (D50=150μm),SGF (pH 1.2),28.09,11.25
Reference (D50=150μm),SGF (pH 1.2),28.29,11.25
Reference (D50=150μm),SGF (pH 1.2),28.49,11.25
Reference (D50=150μm),SGF (pH 1.2),28.7,11.25
Reference (D50=150μm),SGF (pH 1.2),28.9,11.25
Reference (D50=150μm),SGF (pH 1.2),29.1,11.25
Reference (D50=150μm),SGF (pH 1.2),29.3,11.25
Reference (D50=150μm),SGF (pH 1.2),29.5,11.25
Reference (D50=150μm),SGF (pH 1.2),29.7,11.25
Reference (D50=150μm),SGF (pH 1.2),29.9,11.25
Reference (D50=150μm),SGF (pH 1.2),30.1,11.25
Reference (D50=150μm),SGF (pH 1.2),30.3,11.25
Reference (D50=150μm),SGF (pH 1.2),30.5,11.25
Reference (D50=150μm),SGF (pH 1.2),30.7,11.25
Reference (D50=150μm),SGF (pH 1.2),30.9,11.25
Reference (D50=150μm),SGF (pH 1.2),31.1,11.25
Reference (D50=150μm),SGF (pH 1.2),31.3,11.25
Reference (D50=150μm),SGF (pH 1.2),31.51,11.25
Reference (D50=150μm),SGF (pH 1.2),31.71,11.25
Reference (D50=150μm),SGF (pH 1.2),31.91,11.25
Reference (D50=150μm),SGF (pH 1.2),32.11,11.25
Reference (D50=150μm),SGF (pH 1.2),32.31,11.25
Reference (D50=150μm),SGF (pH 1.2),32.51,11.25
Reference (D50=150μm),SGF (pH 1.2),32.71,11.25
Reference (D50=150μm),SGF (pH 1.2),32.91,11.25
Reference (D50=150μm),SGF (pH 1.2),33.11,11.25
Reference (D50=150μm),SGF (pH 1.2),33.31,11.25
Reference (D50=150μm),SGF (pH 1.2),33.51,11.25
Reference (D50=150μm),SGF (pH 1.2),33.71,11.25
Reference (D50=150μm),SGF (pH 1.2),33.91,11.25
Reference (D50=150μm),SGF (pH 1.2),34.11,11.25
Reference (D50=150μm),SGF (pH 1.2),34.31,11.25
Reference (D50=150μm),SGF (pH 1.2),34.52,11.25
Reference (D50=150μm),SGF (pH 1.2),34.72,11.25
Reference (D50=150μm),SGF (pH 1.2),34.92,11.25
Reference (D50=150μm),SGF (pH 1.2),35.12,11.25
Reference (D50=150μm),SGF (pH 1.2),35.32,11.25
Reference (D50=150μm),SGF (pH 1.2),35.52,11.25
Reference (D50=150μm),SGF (pH 1.2),35.72,11.25
Reference (D50=150μm),SGF (pH 1.2),35.92,11.25
Reference (D50=150μm),SGF (pH 1.2),36.12,11.25
Reference (D50=150μm),SGF (pH 1.2),36.32,11.25
Reference (D50=150μm),SGF (pH 1.2),36.52,11.25
Reference (D50=150μm),SGF (pH 1.2),36.72,11.25
Reference (D50=150μm),SGF (pH 1.2),36.92,11.25
Reference (D50=150μm),SGF (pH 1.2),37.12,11.25
Reference (D50=150μm),SGF (pH 1.2),37.32,11.25
Reference (D50=150μm),SGF (pH 1.2),37.53,11.25
Reference (D50=150μm),SGF (pH 1.2),37.73,11.25
Reference (D50=150μm),SGF (pH 1.2),37.93,11.25
Reference (D50=150μm),SGF (pH 1.2),38.13,11.25
Reference (D50=150μm),SGF (pH 1.2),38.33,11.25
Reference (D50=150μm),SGF (pH 1.2),38.53,11.25
Reference (D50=150μm),SGF (pH 1.2),38.73,11.25
Reference (D50=150μm),SGF (pH 1.2),38.93,11.25
Reference (D50=150μm),SGF (pH 1.2),39.13,11.25
Reference (D50=150μm),SGF (pH 1.2),39.33,11.25
Reference (D50=150μm),SGF (pH 1.2),39.53,11.25
Reference (D50=150μm),SGF (pH 1.2),39.73,11.25
Reference (D50=150μm),SGF (pH 1.2),39.93,11.25
Reference (D50=150μm),SGF (pH 1.2),40.13,11.25
Reference (D50=150μm),SGF (pH 1.2),40.33,11.25
Reference (D50=150μm),SGF (pH 1.2),40.54,11.25
Reference (D50=150μm),SGF (pH 1.2),40.74,11.25
Reference (D50=150μm),SGF (pH 1.2),40.94,11.25
Reference (D50=150μm),SGF (pH 1.2),41.14,11.25
Reference (D50=150μm),SGF (pH 1.2),41.34,11.25
Reference (D50=150μm),SGF (pH 1.2),41.54,11.25
Reference (D50=150μm),SGF (pH 1.2),41.74,11.25
Reference (D50=150μm),SGF (pH 1.2),41.94,11.25
Reference (D50=150μm),SGF (pH 1.2),42.14,11.25
Reference (D50=150μm),SGF (pH 1.2),42.34,11.25
Reference (D50=150μm),SGF (pH 1.2),42.54,11.25
Reference (D50=150μm),SGF (pH 1.2),42.74,11.25
Reference (D50=150μm),SGF (pH 1.2),42.94,11.25
Reference (D50=150μm),SGF (pH 1.2),43.14,11.25
Reference (D50=150μm),SGF (pH 1.2),43.34,11.25
Reference (D50=150μm),SGF (pH 1.2),43.55,11.25
Reference (D50=150μm),SGF (pH 1.2),43.75,11.25
Reference (D50=150μm),SGF (pH 1.2),43.95,11.25
Reference (D50=150μm),SGF (pH 1.2),44.15,11.25
Reference (D50=150μm),SGF (pH 1.2),44.35,11.25
Reference (D50=150μm),SGF (pH 1.2),44.55,11.25
Reference (D50=150μm),SGF (pH 1.2),44.75,11.25
Reference (D50=150μm),SGF (pH 1.2),44.95,11.25
Reference (D50=150μm),SGF (pH 1.2),45.15,11.25
Reference (D50=150μm),SGF (pH 1.2),45.35,11.25
Reference (D50=150μm),SGF (pH 1.2),45.55,11.25
Reference (D50=150μm),SGF (pH 1.2),45.75,11.25
Reference (D50=150μm),SGF (pH 1.2),45.95,11.25
Reference (D50=150μm),SGF (pH 1.2),46.15,11.25
Reference (D50=150μm),SGF (pH 1.2),46.35,11.25
Reference (D50=150μm),SGF (pH 1.2),46.56,11.25
Reference (D50=150μm),SGF (pH 1.2),46.76,11.25
Reference (D50=150μm),SGF (pH 1.2),46.96,11.25
Reference (D50=150μm),SGF (pH 1.2),47.16,11.25
Reference (D50=150μm),SGF (pH 1.2),47.36,11.25
Reference (D50=150μm),SGF (pH 1.2),47.56,11.25
Reference (D50=150μm),SGF (pH 1.2),47.76,11.25
Reference (D50=150μm),SGF (pH 1.2),47.96,11.25
Reference (D50=150μm),SGF (pH 1.2),48.16,11.25
Reference (D50=150μm),SGF (pH 1.2),48.36,11.25
Reference (D50=150μm),SGF (pH 1.2),48.56,11.25
Reference (D50=150μm),SGF (pH 1.2),48.76,11.25
Reference (D50=150μm),SGF (pH 1.2),48.96,11.25
Reference (D50=150μm),SGF (pH 1.2),49.16,11.25
Reference (D50=150μm),SGF (pH 1.2),49.36,11.25
Reference (D50=150μm),SGF (pH 1.2),49.57,11.25
Reference (D50=150μm),SGF (pH 1.2),49.77,11.25
Reference (D50=150μm),SGF (pH 1.2),49.97,11.25
Reference (D50=150μm),SGF (pH 1.2),50.17,11.25
Reference (D50=150μm),SGF (pH 1.2),50.37,11.25
Reference (D50=150μm),SGF (pH 1.2),50.57,11.25
Reference (D50=150μm),SGF (pH 1.2),50.77,11.25
Reference (D50=150μm),SGF (pH 1.2),50.97,11.25
Reference (D50=150μm),SGF (pH 1.2),51.17,11.25
Reference (D50=150μm),SGF (pH 1.2),51.37,11.25
Reference (D50=150μm),SGF (pH 1.2),51.57,11.25
Reference (D50=150μm),SGF (pH 1.2),51.77,11.25
Reference (D50=150μm),SGF (pH 1.2),51.97,11.25
Reference (D50=150μm),SGF (pH 1.2),52.17,11.25
Reference (D50=150μm),SGF (pH 1.2),52.37,11.25
Reference (D50=150μm),SGF (pH 1.2),52.58,11.25
Reference (D50=150μm),SGF (pH 1.2),52.78,11.25
Reference (D50=150μm),SGF (pH 1.2),52.98,11.25
Reference (D50=150μm),SGF (pH 1.2),53.18,11.25
Reference (D50=150μm),SGF (pH 1.2),53.38,11.25
Reference (D50=150μm),SGF (pH 1.2),53.58,11.25
Reference (D50=150μm),SGF (pH 1.2),53.78,11.25
Reference (D50=150μm),SGF (pH 1.2),53.98,11.25
Reference (D50=150μm),SGF (pH 1.2),54.18,11.25
Reference (D50=150μm),SGF (pH 1.2),54.38,11.25
Reference (D50=150μm),SGF (pH 1.2),54.58,11.25
Reference (D50=150μm),SGF (pH 1.2),54.78,11.25
Reference (D50=150μm),SGF (pH 1.2),54.98,11.25
Reference (D50=150μm),SGF (pH 1.2),55.18,11.25
Reference (D50=150μm),SGF (pH 1.2),55.38,11.25
Reference (D50=150μm),SGF (pH 1.2),55.59,11.25
Reference (D50=150μm),SGF (pH 1.2),55.79,11.25
Reference (D50=150μm),SGF (pH 1.2),55.99,11.25
Reference (D50=150μm),SGF (pH 1.2),56.19,11.25
Reference (D50=150μm),SGF (pH 1.2),56.39,11.25
Reference (D50=150μm),SGF (pH 1.2),56.59,11.25
Reference (D50=150μm),SGF (pH 1.2),56.79,11.25
Reference (D50=150μm),SGF (pH 1.2),56.99,11.25
Reference (D50=150μm),SGF (pH 1.2),57.19,11.25
Reference (D50=150μm),SGF (pH 1.2),57.39,11.25
Reference (D50=150μm),SGF (pH 1.2),57.59,11.25
Reference (D50=150μm),SGF (pH 1.2),57.79,11.25
Reference (D50=150μm),SGF (pH 1.2),57.99,11.25
Reference (D50=150μm),SGF (pH 1.2),58.19,11.25
Reference (D50=150μm),SGF (pH 1.2),58.39,11.25
Reference (D50=150μm),SGF (pH 1.2),58.6,11.25
Reference (D50=150μm),SGF (pH 1.2),58.8,11.25
Reference (D50=150μm),SGF (pH 1.2),59.0,11.25
Reference (D50=150μm),SGF (pH 1.2),59.2,11.25
Reference (D50=150μm),SGF (pH 1.2),59.4,11.25
Reference (D50=150μm),SGF (pH 1.2),59.6,11.25
Reference (D50=150μm),SGF (pH 1.2),59.8,11.25
Reference (D50=150μm),SGF (pH 1.2),60.0,11.25
Micronized (D50=25μm),SGF (pH 1.2),0.0,0.0
Micronized (D50=25μm),SGF (pH 1.2),0.2,4.38
Micronized (D50=25μm),SGF (pH 1.2),0.4,6.97
Micronized (D50=25μm),SGF (pH 1.2),0.6,8.56
Micronized (D50=25μm),SGF (pH 1.2),0.8,9.54
Micronized (D50=25μm),SGF (pH 1.2),1.0,10.16
Micronized (D50=25μm),SGF (pH 1.2),1.2,10.56
Micronized (D50=25μm),SGF (pH 1.2),1.4,10.81
Micronized (D50=25μm),SGF (pH 1.2),1.61,10.97
Micronized (D50=25μm),SGF (pH 1.2),1.81,11.07
Micronized (D50=25μm),SGF (pH 1.2),2.01,11.13
Micronized (D50=25μm),SGF (pH 1.2),2.21,11.18
Micronized (D50=25μm),SGF (pH 1.2),2.41,11.2
Micronized (D50=25μm),SGF (pH 1.2),2.61,11.22
Micronized (D50=25μm),SGF (pH 1.2),2.81,11.23
Micronized (D50=25μm),SGF (pH 1.2),3.01,11.24
Micronized (D50=25μm),SGF (pH 1.2),3.21,11.24
Micronized (D50=25μm),SGF (pH 1.2),3.41,11.24
Micronized (D50=25μm),SGF (pH 1.2),3.61,11.25
Micronized (D50=25μm),SGF (pH 1.2),3.81,11.25
Micronized (D50=25μm),SGF (pH 1.2),4.01,11.25
Micronized (D50=25μm),SGF (pH 1.2),4.21,11.25
Micronized (D50=25μm),SGF (pH 1.2),4.41,11.25
Micronized (D50=25μm),SGF (pH 1.2),4.62,11.25
Micronized (D50=25μm),SGF (pH 1.2),4.82,11.25
Micronized (D50=25μm),SGF (pH 1.2),5.02,11.25
Micronized (D50=25μm),SGF (pH 1.2),5.22,11.25
Micronized (D50=25μm),SGF (pH 1.2),5.42,11.25
Micronized (D50=25μm),SGF (pH 1.2),5.62,11.25
Micronized (D50=25μm),SGF (pH 1.2),5.82,11.25
Micronized (D50=25μm),SGF (pH 1.2),6.02,11.25
Micronized (D50=25μm),SGF (pH 1.2),6.22,11.25
Micronized (D50=25μm),SGF (pH 1.2),6.42,11.25
Micronized (D50=25μm),SGF (pH 1.2),6.62,11.25
Micronized (D50=25μm),SGF (pH 1.2),6.82,11.25
Micronized (D50=25μm),SGF (pH 1.2),7.02,11.25
Micronized (D50=25μm),SGF (pH 1.2),7.22,11.25
Micronized (D50=25μm),SGF (pH 1.2),7.42,11.25
Micronized (D50=25μm),SGF (pH 1.2),7.63,11.25
Micronized (D50=25μm),SGF (pH 1.2),7.83,11.25
Micronized (D50=25μm),SGF (pH 1.2),8.03,11.25
Micronized (D50=25μm),SGF (pH 1.2),8.23,11.25
Micronized (D50=25μm),SGF (pH 1.2),8.43,11.25
Micronized (D50=25μm),SGF (pH 1.2),8.63,11.25
Micronized (D50=25μm),SGF (pH 1.2),8.83,11.25
Micronized (D50=25μm),SGF (pH 1.2),9.03,11.25
Micronized (D50=25μm),SGF (pH 1.2),9.23,11.25
Micronized (D50=25μm),SGF (pH 1.2),9.43,11.25
Micronized (D50=25μm),SGF (pH 1.2),9.63,11.25
Micronized (D50=25μm),SGF (pH 1.2),9.83,11.25
Micronized (D50=25μm),SGF (pH 1.2),10.03,11.25
Micronized (D50=25μm),SGF (pH 1.2),10.23,11.25
Micronized (D50=25μm),SGF (pH 1.2),10.43,11.25
Micronized (D50=25μm),SGF (pH 1.2),10.64,11.25
Micronized (D50=25μm),SGF (pH 1.2),10.84,11.25
Micronized (D50=25μm),SGF (pH 1.2),11.04,11.25
Micronized (D50=25μm),SGF (pH 1.2),11.24,11.25
Micronized (D50=25μm),SGF (pH 1.2),11.44,11.25
Micronized (D50=25μm),SGF (pH 1.2),11.64,11.25
Micronized (D50=25μm),SGF (pH 1.2),11.84,11.25
Micronized (D50=25μm),SGF (pH 1.2),12.04,11.25
Micronized (D50=25μm),SGF (pH 1.2),12.24,11.25
Micronized (D50=25μm),SGF (pH 1.2),12.44,11.25
Micronized (D50=25μm),SGF (pH 1.2),12.64,11.25
Micronized (D50=25μm),SGF (pH 1.2),12.84,11.25
Micronized (D50=25μm),SGF (pH 1.2),13.04,11.25
Micronized (D50=25μm),SGF (pH 1.2),13.24,11.25
Micronized (D50=25μm),SGF (pH 1.2),13.44,11.25
Micronized (D50=25μm),SGF (pH 1.2),13.65,11.25
Micronized (D50=25μm),SGF (pH 1.2),13.85,11.25
Micronized (D50=25μm),SGF (pH 1.2),14.05,11.25
Micronized (D50=25μm),SGF (pH 1.2),14.25,11.25
Micronized (D50=25μm),SGF (pH 1.2),14.45,11.25
Micronized (D50=25μm),SGF (pH 1.2),14.65,11.25
Micronized (D50=25μm),SGF (pH 1.2),14.85,11.25
Micronized (D50=25μm),SGF (pH 1.2),15.05,11.25
Micronized (D50=25μm),SGF (pH 1.2),15.25,11.25
Micronized (D50=25μm),SGF (pH 1.2),15.45,11.25
Micronized (D50=25μm),SGF (pH 1.2),15.65,11.25
Micronized (D50=25μm),SGF (pH 1.2),15.85,11.25
Micronized (D50=25μm),SGF (pH 1.2),16.05,11.25
Micronized (D50=25μm),SGF (pH 1.2),16.25,11.25
Micronized (D50=25μm),SGF (pH 1.2),16.45,11.25
Micronized (D50=25μm),SGF (pH 1.2),16.66,11.25
Micronized (D50=25μm),SGF (pH 1.2),16.86,11.25
Micronized (D50=25μm),SGF (pH 1.2),17.06,11.25
Micronized (D50=25μm),SGF (pH 1.2),17.26,11.25
Micronized (D50=25μm),SGF (pH 1.2),17.46,11.25
Micronized (D50=25μm),SGF (pH 1.2),17.66,11.25
Micronized (D50=25μm),SGF (pH 1.2),17.86,11.25
Micronized (D50=25μm),SGF (pH 1.2),18.06,11.25
Micronized (D50=25μm),SGF (pH 1.2),18.26,11.25
Micronized (D50=25μm),SGF (pH 1.2),18.46,11.25
Micronized (D50=25μm),SGF (pH 1.2),18.66,11.25
Micronized (D50=25μm),SGF (pH 1.2),18.86,11.25
Micronized (D50=25μm),SGF (pH 1.2),19.06,11.25
Micronized (D50=25μm),SGF (pH 1.2),19.26,11.25
Micronized (D50=25μm),SGF (pH 1.2),19.46,11.25
Micronized (D50=25μm),SGF (pH 1.2),19.67,11.25
Micronized (D50=25μm),SGF (pH 1.2),19.87,11.25
Micronized (D50=25μm),SGF (pH 1.2),20.07,11.25
Micronized (D50=25μm),SGF (pH 1.2),20.27,11.25
Micronized (D50=25μm),SGF (pH 1.2),20.47,11.25
Micronized (D50=25μm),SGF (pH 1.2),20.67,11.25
Micronized (D50=25μm),SGF (pH 1.2),20.87,11.25
Micronized (D50=25μm),SGF (pH 1.2),21.07,11.25
Micronized (D50=25μm),SGF (pH 1.2),21.27,11.25
Micronized (D50=25μm),SGF (pH 1.2),21.47,11.25
Micronized (D50=25μm),SGF (pH 1.2),21.67,11.25
Micronized (D50=25μm),SGF (pH 1.2),21.87,11.25
Micronized (D50=25μm),SGF (pH 1.2),22.07,11.25
Micronized (D50=25μm),SGF (pH 1.2),22.27,11.25
Micronized (D50=25μm),SGF (pH 1.2),22.47,11.25
Micronized (D50=25μm),SGF (pH 1.2),22.68,11.25
Micronized (D50=25μm),SGF (pH 1.2),22.88,11.25
Micronized (D50=25μm),SGF (pH 1.2),23.08,11.25
Micronized (D50=25μm),SGF (pH 1.2),23.28,11.25
Micronized (D50=25μm),SGF (pH 1.2),23.48,11.25
Micronized (D50=25μm),SGF (pH 1.2),23.68,11.25
Micronized (D50=25μm),SGF (pH 1.2),23.88,11.25
Micronized (D50=25μm),SGF (pH 1.2),24.08,11.25
Micronized (D50=25μm),SGF (pH 1.2),24.28,11.25
Micronized (D50=25μm),SGF (pH 1.2),24.48,11.25
Micronized (D50=25μm),SGF (pH 1.2),24.68,11.25
Micronized (D50=25μm),SGF (pH 1.2),24.88,11.25
Micronized (D50=25μm),SGF (pH 1.2),25.08,11.25
Micronized (D50=25μm),SGF (pH 1.2),25.28,11.25
Micronized (D50=25μm),SGF (pH 1.2),25.48,11.25
Micronized (D50=25μm),SGF (pH 1.2),25.69,11.25
Micronized (D50=25μm),SGF (pH 1.2),25.89,11.25
Micronized (D50=25μm),SGF (pH 1.2),26.09,11.25
Micronized (D50=25μm),SGF (pH 1.2),26.29,11.25
Micronized (D50=25μm),SGF (pH 1.2),26.49,11.25
Micronized (D50=25μm),SGF (pH 1.2),26.69,11.25
Micronized (D50=25μm),SGF (pH 1.2),26.89,11.25
Micronized (D50=25μm),SGF (pH 1.2),27.09,11.25
Micronized (D50=25μm),SGF (pH 1.2),27.29,11.25
Micronized (D50=25μm),SGF (pH 1.2),27.49,11.25
Micronized (D50=25μm),SGF (pH 1.2),27.69,11.25
Micronized (D50=25μm),SGF (pH 1.2),27.89,11.25
Micronized (D50=25μm),SGF (pH 1.2),28.09,11.25
Micronized (D50=25μm),SGF (pH 1.2),28.29,11.25
Micronized (D50=25μm),SGF (pH 1.2),28.49,11.25
Micronized (D50=25μm),SGF (pH 1.2),28.7,11.25
Micronized (D50=25μm),SGF (pH 1.2),28.9,11.25
Micronized (D50=25μm),SGF (pH 1.2),29.1,11.25
Micronized (D50=25μm),SGF (pH 1.2),29.3,11.25
Micronized (D50=25μm),SGF (pH 1.2),29.5,11.25
Micronized (D50=25μm),SGF (pH 1.2),29.7,11.25
Micronized (D50=25μm),SGF (pH 1.2),29.9,11.25
Micronized (D50=25μm),SGF (pH 1.2),30.1,11.25
Micronized (D50=25μm),SGF (pH 1.2),30.3,11.25
Micronized (D50=25μm),SGF (pH 1.2),30.5,11.25
Micronized (D50=25μm),SGF (pH 1.2),30.7,11.25
Micronized (D50=25μm),SGF (pH 1.2),30.9,11.25
Micronized (D50=25μm),SGF (pH 1.2),31.1,11.25
Micronized (D50=25μm),SGF (pH 1.2),31.3,11.25
Micronized (D50=25μm),SGF (pH 1.2),31.51,11.25
Micronized (D50=25μm),SGF (pH 1.2),31.71,11.25
Micronized (D50=25μm),SGF (pH 1.2),31.91,11.25
Micronized (D50=25μm),SGF (pH 1.2),32.11,11.25
Micronized (D50=25μm),SGF (pH 1.2),32.31,11.25
Micronized (D50=25μm),SGF (pH 1.2),32.51,11.25
Micronized (D50=25μm),SGF (pH 1.2),32.71,11.25
Micronized (D50=25μm),SGF (pH 1.2),32.91,11.25
Micronized (D50=25μm),SGF (pH 1.2),33.11,11.25
Micronized (D50=25μm),SGF (pH 1.2),33.31,11.25
Micronized (D50=25μm),SGF (pH 1.2),33.51,11.25
Micronized (D50=25μm),SGF (pH 1.2),33.71,11.25
Micronized (D50=25μm),SGF (pH 1.2),33.91,11.25
Micronized (D50=25μm),SGF (pH 1.2),34.11,11.25
Micronized (D50=25μm),SGF (pH 1.2),34.31,11.25
Micronized (D50=25μm),SGF (pH 1.2),34.52,11.25
Micronized (D50=25μm),SGF (pH 1.2),34.72,11.25
Micronized (D50=25μm),SGF (pH 1.2),34.92,11.25
Micronized (D50=25μm),SGF (pH 1.2),35.12,11.25
Micronized (D50=25μm),SGF (pH 1.2),35.32,11.25
Micronized (D50=25μm),SGF (pH 1.2),35.52,11.25
Micronized (D50=25μm),SGF (pH 1.2),35.72,11.25
Micronized (D50=25μm),SGF (pH 1.2),35.92,11.25
Micronized (D50=25μm),SGF (pH 1.2),36.12,11.25
Micronized (D50=25μm),SGF (pH 1.2),36.32,11.25
Micronized (D50=25μm),SGF (pH 1.2),36.52,11.25
Micronized (D50=25μm),SGF (pH 1.2),36.72,11.25
Micronized (D50=25μm),SGF (pH 1.2),36.92,11.25
Micronized (D50=25μm),SGF (pH 1.2),37.12,11.25
Micronized (D50=25μm),SGF (pH 1.2),37.32,11.25
Micronized (D50=25μm),SGF (pH 1.2),37.53,11.25
Micronized (D50=25μm),SGF (pH 1.2),37.73,11.25
Micronized (D50=25μm),SGF (pH 1.2),37.93,11.25
Micronized (D50=25μm),SGF (pH 1.2),38.13,11.25
Micronized (D50=25μm),SGF (pH 1.2),38.33,11.25
Micronized (D50=25μm),SGF (pH 1.2),38.53,11.25
Micronized (D50=25μm),SGF (pH 1.2),38.73,11.25
Micronized (D50=25μm),SGF (pH 1.2),38.93,11.25
Micronized (D50=25μm),SGF (pH 1.2),39.13,11.25
Micronized (D50=25μm),SGF (pH 1.2),39.33,11.25
Micronized (D50=25μm),SGF (pH 1.2),39.53,11.25
Micronized (D50=25μm),SGF (pH 1.2),39.73,11.25
Micronized (D50=25μm),SGF (pH 1.2),39.93,11.25
Micronized (D50=25μm),SGF (pH 1.2),40.13,11.25
Micronized (D50=25μm),SGF (pH 1.2),40.33,11.25
Micronized (D50=25μm),SGF (pH 1.2),40.54,11.25
Micronized (D50=25μm),SGF (pH 1.2),40.74,11.25
Micronized (D50=25μm),SGF (pH 1.2),40.94,11.25
Micronized (D50=25μm),SGF (pH 1.2),41.14,11.25
Micronized (D50=25μm),SGF (pH 1.2),41.34,11.25
Micronized (D50=25μm),SGF (pH 1.2),41.54,11.25
Micronized (D50=25μm),SGF (pH 1.2),41.74,11.25
Micronized (D50=25μm),SGF (pH 1.2),41.94,11.25
Micronized (D50=25μm),SGF (pH 1.2),42.14,11.25
Micronized (D50=25μm),SGF (pH 1.2),42.34,11.25
Micronized (D50=25μm),SGF (pH 1.2),42.54,11.25
Micronized (D50=25μm),SGF (pH 1.2),42.74,11.25
Micronized (D50=25μm),SGF (pH 1.2),42.94,11.25
Micronized (D50=25μm),SGF (pH 1.2),43.14,11.25
Micronized (D50=25μm),SGF (pH 1.2),43.34,11.25
Micronized (D50=25μm),SGF (pH 1.2),43.55,11.25
Micronized (D50=25μm),SGF (pH 1.2),43.75,11.25
Micronized (D50=25μm),SGF (pH 1.2),43.95,11.25
Micronized (D50=25μm),SGF (pH 1.2),44.15,11.25
Micronized (D50=25μm),SGF (pH 1.2),44.35,11.25
Micronized (D50=25μm),SGF (pH 1.2),44.55,11.25
Micronized (D50=25μm),SGF (pH 1.2),44.75,11.25
Micronized (D50=25μm),SGF (pH 1.2),44.95,11.25
Micronized (D50=25μm),SGF (pH 1.2),45.15,11.25
Micronized (D50=25μm),SGF (pH 1.2),45.35,11.25
Micronized (D50=25μm),SGF (pH 1.2),45.55,11.25
Micronized (D50=25μm),SGF (pH 1.2),45.75,11.25
Micronized (D50=25μm),SGF (pH 1.2),45.95,11.25
Micronized (D50=25μm),SGF (pH 1.2),46.15,11.25
Micronized (D50=25μm),SGF (pH 1.2),46.35,11.25
Micronized (D50=25μm),SGF (pH 1.2),46.56,11.25
Micronized (D50=25μm),SGF (pH 1.2),46.76,11.25
Micronized (D50=25μm),SGF (pH 1.2),46.96,11.25
Micronized (D50=25μm),SGF (pH 1.2),47.16,11.25
Micronized (D50=25μm),SGF (pH 1.2),47.36,11.25
Micronized (D50=25μm),SGF (pH 1.2),47.56,11.25
Micronized (D50=25μm),SGF (pH 1.2),47.76,11.25
Micronized (D50=25μm),SGF (pH 1.2),47.96,11.25
Micronized (D50=25μm),SGF (pH 1.2),48.16,11.25
Micronized (D50=25μm),SGF (pH 1.2),48.36,11.25
Micronized (D50=25μm),SGF (pH 1.2),48.56,11.25
Micronized (D50=25μm),SGF (pH 1.2),48.76,11.25
Micronized (D50=25μm),SGF (pH 1.2),48.96,11.25
Micronized (D50=25μm),SGF (pH 1.2),49.16,11.25
Micronized (D50=25μm),SGF (pH 1.2),49.36,11.25
Micronized (D50=25μm),SGF (pH 1.2),49.57,11.25
Micronized (D50=25μm),SGF (pH 1.2),49.77,11.25
Micronized (D50=25μm),SGF (pH 1.2),49.97,11.25
Micronized (D50=25μm),SGF (pH 1.2),50.17,11.25
Micronized (D50=25μm),SGF (pH 1.2),50.37,11.25
Micronized (D50=25μm),SGF (pH 1.2),50.57,11.25
Micronized (D50=25μm),SGF (pH 1.2),50.77,11.25
Micronized (D50=25μm),SGF (pH 1.2),50.97,11.25
Micronized (D50=25μm),SGF (pH 1.2),51.17,11.25
Micronized (D50=25μm),SGF (pH 1.2),51.37,11.25
Micronized (D50=25μm),SGF (pH 1.2),51.57,11.25
Micronized (D50=25μm),SGF (pH 1.2),51.77,11.25
Micronized (D50=25μm),SGF (pH 1.2),51.97,11.25
Micronized (D50=25μm),SGF (pH 1.2),52.17,11.25
Micronized (D50=25μm),SGF (pH 1.2),52.37,11.25
Micronized (D50=25μm),SGF (pH 1.2),52.58,11.25
Micronized (D50=25μm),SGF (pH 1.2),52.78,11.25
Micronized (D50=25μm),SGF (pH 1.2),52.98,11.25
Micronized (D50=25μm),SGF (pH 1.2),53.18,11.25
Micronized (D50=25μm),SGF (pH 1.2),53.38,11.25
Micronized (D50=25μm),SGF (pH 1.2),53.58,11.25
Micronized (D50=25μm),SGF (pH 1.2),53.78,11.25
Micronized (D50=25μm),SGF (pH 1.2),53.98,11.25
Micronized (D50=25μm),SGF (pH 1.2),54.18,11.25
Micronized (D50=25μm),SGF (pH 1.2),54.38,11.25
Micronized (D50=25μm),SGF (pH 1.2),54.58,11.25
Micronized (D50=25μm),SGF (pH 1.2),54.78,11.25
Micronized (D50=25μm),SGF (pH 1.2),54.98,11.25
Micronized (D50=25μm),SGF (pH 1.2),55.18,11.25
Micronized (D50=25μm),SGF (pH 1.2),55.38,11.25
Micronized (D50=25μm),SGF (pH 1.2),55.59,11.25
Micronized (D50=25μm),SGF (pH 1.2),55.79,11.25
Micronized (D50=25μm),SGF (pH 1.2),55.99,11.25
Micronized (D50=25μm),SGF (pH 1.2),56.19,11.25
Micronized (D50=25μm),SGF (pH 1.2),56.39,11.25
Micronized (D50=25μm),SGF (pH 1.2),56.59,11.25
Micronized (D50=25μm),SGF (pH 1.2),56.79,11.25
Micronized (D50=25μm),SGF (pH 1.2),56.99,11.25
Micronized (D50=25μm),SGF (pH 1.2),57.19,11.25
Micronized (D50=25μm),SGF (pH 1.2),57.39,11.25
Micronized (D50=25μm),SGF (pH 1.2),57.59,11.25
Micronized (D50=25μm),SGF (pH 1.2),57.79,11.25
Micronized (D50=25μm),SGF (pH 1.2),57.99,11.25
Micronized (D50=25μm),SGF (pH 1.2),58.19,11.25
Micronized (D50=25μm),SGF (pH 1.2),58.39,11.25
Micronized (D50=25μm),SGF (pH 1.2),58.6,11.25
Micronized (D50=25μm),SGF (pH 1.2),58.8,11.25
Micronized (D50=25μm),SGF (pH 1.2),59.0,11.25
Micronized (D50=25μm),SGF (pH 1.2),59.2,11.25
Micronized (D50=25μm),SGF (pH 1.2),59.4,11.25
Micronized (D50=25μm),SGF (pH 1.2),59.6,11.25
Micronized (D50=25μm),SGF (pH 1.2),59.8,11.25
Micronized (D50=25μm),SGF (pH 1.2),60.0,11.25
Nano (D50=1μm),SGF (pH 1.2),0.0,0.0
Nano (D50=1μm),SGF (pH 1.2),0.2,11.25
Nano (D50=1μm),SGF (pH 1.2),0.4,11.25
Nano (D50=1μm),SGF (pH 1.2),0.6,11.25
Nano (D50=1μm),SGF (pH 1.2),0.8,11.25
Nano (D50=1μm),SGF (pH 1.2),1.0,11.25
Nano (D50=1μm),SGF (pH 1.2),1.2,11.25
Nano (D50=1μm),SGF (pH 1.2),1.4,11.25
Nano (D50=1μm),SGF (pH 1.2),1.61,11.25
Nano (D50=1μm),SGF (pH 1.2),1.81,11.25
Nano (D50=1μm),SGF (pH 1.2),2.01,11.25
Nano (D50=1μm),SGF (pH 1.2),2.21,11.25
Nano (D50=1μm),SGF (pH 1.2),2.41,11.25
Nano (D50=1μm),SGF (pH 1.2),2.61,11.25
Nano (D50=1μm),SGF (pH 1.2),2.81,11.25
Nano (D50=1μm),SGF (pH 1.2),3.01,11.25
Nano (D50=1μm),SGF (pH 1.2),3.21,11.25
Nano (D50=1μm),SGF (pH 1.2),3.41,11.25
Nano (D50=1μm),SGF (pH 1.2),3.61,11.25
Nano (D50=1μm),SGF (pH 1.2),3.81,11.25
Nano (D50=1μm),SGF (pH 1.2),4.01,11.25
Nano (D50=1μm),SGF (pH 1.2),4.21,11.25
Nano (D50=1μm),SGF (pH 1.2),4.41,11.25
Nano (D50=1μm),SGF (pH 1.2),4.62,11.25
Nano (D50=1μm),SGF (pH 1.2),4.82,11.25
Nano (D50=1μm),SGF (pH 1.2),5.02,11.25
Nano (D50=1μm),SGF (pH 1.2),5.22,11.25
Nano (D50=1μm),SGF (pH 1.2),5.42,11.25
Nano (D50=1μm),SGF (pH 1.2),5.62,11.25
Nano (D50=1μm),SGF (pH 1.2),5.82,11.25
Nano (D50=1μm),SGF (pH 1.2),6.02,11.25
Nano (D50=1μm),SGF (pH 1.2),6.22,11.25
Nano (D50=1μm),SGF (pH 1.2),6.42,11.25
Nano (D50=1μm),SGF (pH 1.2),6.62,11.25
Nano (D50=1μm),SGF (pH 1.2),6.82,11.25
Nano (D50=1μm),SGF (pH 1.2),7.02,11.25
Nano (D50=1μm),SGF (pH 1.2),7.22,11.25
Nano (D50=1μm),SGF (pH 1.2),7.42,11.25
Nano (D50=1μm),SGF (pH 1.2),7.63,11.25
Nano (D50=1μm),SGF (pH 1.2),7.83,11.25
Nano (D50=1μm),SGF (pH 1.2),8.03,11.25
Nano (D50=1μm),SGF (pH 1.2),8.23,11.25
Nano (D50=1μm),SGF (pH 1.2),8.43,11.25
Nano (D50=1μm),SGF (pH 1.2),8.63,11.25
Nano (D50=1μm),SGF (pH 1.2),8.83,11.25
Nano (D50=1μm),SGF (pH 1.2),9.03,11.25
Nano (D50=1μm),SGF (pH 1.2),9.23,11.25
Nano (D50=1μm),SGF (pH 1.2),9.43,11.25
Nano (D50=1μm),SGF (pH 1.2),9.63,11.25
Nano (D50=1μm),SGF (pH 1.2),9.83,11.25
Nano (D50=1μm),SGF (pH 1.2),10.03,11.25
Nano (D50=1μm),SGF (pH 1.2),10.23,11.25
Nano (D50=1μm),SGF (pH 1.2),10.43,11.25
Nano (D50=1μm),SGF (pH 1.2),10.64,11.25
Nano (D50=1μm),SGF (pH 1.2),10.84,11.25
Nano (D50=1μm),SGF (pH 1.2),11.04,11.25
Nano (D50=1μm),SGF (pH 1.2),11.24,11.25
Nano (D50=1μm),SGF (pH 1.2),11.44,11.25
Nano (D50=1μm),SGF (pH 1.2),11.64,11.25
Nano (D50=1μm),SGF (pH 1.2),11.84,11.25
Nano (D50=1μm),SGF (pH 1.2),12.04,11.25
Nano (D50=1μm),SGF (pH 1.2),12.24,11.25
Nano (D50=1μm),SGF (pH 1.2),12.44,11.25
Nano (D50=1μm),SGF (pH 1.2),12.64,11.25
Nano (D50=1μm),SGF (pH 1.2),12.84,11.25
Nano (D50=1μm),SGF (pH 1.2),13.04,11.25
Nano (D50=1μm),SGF (pH 1.2),13.24,11.25
Nano (D50=1μm),SGF (pH 1.2),13.44,11.25
Nano (D50=1μm),SGF (pH 1.2),13.65,11.25
Nano (D50=1μm),SGF (pH 1.2),13.85,11.25
Nano (D50=1μm),SGF (pH 1.2),14.05,11.25
Nano (D50=1μm),SGF (pH 1.2),14.25,11.25
Nano (D50=1μm),SGF (pH 1.2),14.45,11.25
Nano (D50=1μm),SGF (pH 1.2),14.65,11.25
Nano (D50=1μm),SGF (pH 1.2),14.85,11.25
Nano (D50=1μm),SGF (pH 1.2),15.05,11.25
Nano (D50=1μm),SGF (pH 1.2),15.25,11.25
Nano (D50=1μm),SGF (pH 1.2),15.45,11.25
Nano (D50=1μm),SGF (pH 1.2),15.65,11.25
Nano (D50=1μm),SGF (pH 1.2),15.85,11.25
Nano (D50=1μm),SGF (pH 1.2),16.05,11.25
Nano (D50=1μm),SGF (pH 1.2),16.25,11.25
Nano (D50=1μm),SGF (pH 1.2),16.45,11.25
Nano (D50=1μm),SGF (pH 1.2),16.66,11.25
Nano (D50=1μm),SGF (pH 1.2),16.86,11.25
Nano (D50=1μm),SGF (pH 1.2),17.06,11.25
Nano (D50=1μm),SGF (pH 1.2),17.26,11.25
Nano (D50=1μm),SGF (pH 1.2),17.46,11.25
Nano (D50=1μm),SGF (pH 1.2),17.66,11.25
Nano (D50=1μm),SGF (pH 1.2),17.86,11.25
Nano (D50=1μm),SGF (pH 1.2),18.06,11.25
Nano (D50=1μm),SGF (pH 1.2),18.26,11.25
Nano (D50=1μm),SGF (pH 1.2),18.46,11.25
Nano (D50=1μm),SGF (pH 1.2),18.66,11.25
Nano (D50=1μm),SGF (pH 1.2),18.86,11.25
Nano (D50=1μm),SGF (pH 1.2),19.06,11.25
Nano (D50=1μm),SGF (pH 1.2),19.26,11.25
Nano (D50=1μm),SGF (pH 1.2),19.46,11.25
Nano (D50=1μm),SGF (pH 1.2),19.67,11.25
Nano (D50=1μm),SGF (pH 1.2),19.87,11.25
Nano (D50=1μm),SGF (pH 1.2),20.07,11.25
Nano (D50=1μm),SGF (pH 1.2),20.27,11.25
Nano (D50=1μm),SGF (pH 1.2),20.47,11.25
Nano (D50=1μm),SGF (pH 1.2),20.67,11.25
Nano (D50=1μm),SGF (pH 1.2),20.87,11.25
Nano (D50=1μm),SGF (pH 1.2),21.07,11.25
Nano (D50=1μm),SGF (pH 1.2),21.27,11.25
Nano (D50=1μm),SGF (pH 1.2),21.47,11.25
Nano (D50=1μm),SGF (pH 1.2),21.67,11.25
Nano (D50=1μm),SGF (pH 1.2),21.87,11.25
Nano (D50=1μm),SGF (pH 1.2),22.07,11.25
Nano (D50=1μm),SGF (pH 1.2),22.27,11.25
Nano (D50=1μm),SGF (pH 1.2),22.47,11.25
Nano (D50=1μm),SGF (pH 1.2),22.68,11.25
Nano (D50=1μm),SGF (pH 1.2),22.88,11.25
Nano (D50=1μm),SGF (pH 1.2),23.08,11.25
Nano (D50=1μm),SGF (pH 1.2),23.28,11.25
Nano (D50=1μm),SGF (pH 1.2),23.48,11.25
Nano (D50=1μm),SGF (pH 1.2),23.68,11.25
Nano (D50=1μm),SGF (pH 1.2),23.88,11.25
Nano (D50=1μm),SGF (pH 1.2),24.08,11.25
Nano (D50=1μm),SGF (pH 1.2),24.28,11.25
Nano (D50=1μm),SGF (pH 1.2),24.48,11.25
Nano (D50=1μm),SGF (pH 1.2),24.68,11.25
Nano (D50=1μm),SGF (pH 1.2),24.88,11.25
Nano (D50=1μm),SGF (pH 1.2),25.08,11.25
Nano (D50=1μm),SGF (pH 1.2),25.28,11.25
Nano (D50=1μm),SGF (pH 1.2),25.48,11.25
Nano (D50=1μm),SGF (pH 1.2),25.69,11.25
Nano (D50=1μm),SGF (pH 1.2),25.89,11.25
Nano (D50=1μm),SGF (pH 1.2),26.09,11.25
Nano (D50=1μm),SGF (pH 1.2),26.29,11.25
Nano (D50=1μm),SGF (pH 1.2),26.49,11.25
Nano (D50=1μm),SGF (pH 1.2),26.69,11.25
Nano (D50=1μm),SGF (pH 1.2),26.89,11.25
Nano (D50=1μm),SGF (pH 1.2),27.09,11.25
Nano (D50=1μm),SGF (pH 1.2),27.29,11.25
Nano (D50=1μm),SGF (pH 1.2),27.49,11.25
Nano (D50=1μm),SGF (pH 1.2),27.69,11.25
Nano (D50=1μm),SGF (pH 1.2),27.89,11.25
Nano (D50=1μm),SGF (pH 1.2),28.09,11.25
Nano (D50=1μm),SGF (pH 1.2),28.29,11.25
Nano (D50=1μm),SGF (pH 1.2),28.49,11.25
Nano (D50=1μm),SGF (pH 1.2),28.7,11.25
Nano (D50=1μm),SGF (pH 1.2),28.9,11.25
Nano (D50=1μm),SGF (pH 1.2),29.1,11.25
Nano (D50=1μm),SGF (pH 1.2),29.3,11.25
Nano (D50=1μm),SGF (pH 1.2),29.5,11.25
Nano (D50=1μm),SGF (pH 1.2),29.7,11.25
Nano (D50=1μm),SGF (pH 1.2),29.9,11.25
Nano (D50=1μm),SGF (pH 1.2),30.1,11.25
Nano (D50=1μm),SGF (pH 1.2),30.3,11.25
Nano (D50=1μm),SGF (pH 1.2),30.5,11.25
Nano (D50=1μm),SGF (pH 1.2),30.7,11.25
Nano (D50=1μm),SGF (pH 1.2),30.9,11.25
Nano (D50=1μm),SGF (pH 1.2),31.1,11.25
Nano (D50=1μm),SGF (pH 1.2),31.3,11.25
Nano (D50=1μm),SGF (pH 1.2),31.51,11.25
Nano (D50=1μm),SGF (pH 1.2),31.71,11.25
Nano (D50=1μm),SGF (pH 1.2),31.91,11.25
Nano (D50=1μm),SGF (pH 1.2),32.11,11.25
Nano (D50=1μm),SGF (pH 1.2),32.31,11.25
Nano (D50=1μm),SGF (pH 1.2),32.51,11.25
Nano (D50=1μm),SGF (pH 1.2),32.71,11.25
Nano (D50=1μm),SGF (pH 1.2),32.91,11.25
Nano (D50=1μm),SGF (pH 1.2),33.11,11.25
Nano (D50=1μm),SGF (pH 1.2),33.31,11.25
Nano (D50=1μm),SGF (pH 1.2),33.51,11.25
Nano (D50=1μm),SGF (pH 1.2),33.71,11.25
Nano (D50=1μm),SGF (pH 1.2),33.91,11.25
Nano (D50=1μm),SGF (pH 1.2),34.11,11.25
Nano (D50=1μm),SGF (pH 1.2),34.31,11.25
Nano (D50=1μm),SGF (pH 1.2),34.52,11.25
Nano (D50=1μm),SGF (pH 1.2),34.72,11.25
Nano (D50=1μm),SGF (pH 1.2),34.92,11.25
Nano (D50=1μm),SGF (pH 1.2),35.12,11.25
Nano (D50=1μm),SGF (pH 1.2),35.32,11.25
Nano (D50=1μm),SGF (pH 1.2),35.52,11.25
Nano (D50=1μm),SGF (pH 1.2),35.72,11.25
Nano (D50=1μm),SGF (pH 1.2),35.92,11.25
Nano (D50=1μm),SGF (pH 1.2),36.12,11.25
Nano (D50=1μm),SGF (pH 1.2),36.32,11.25
Nano (D50=1μm),SGF (pH 1.2),36.52,11.25
Nano (D50=1μm),SGF (pH 1.2),36.72,11.25
Nano (D50=1μm),SGF (pH 1.2),36.92,11.25
Nano (D50=1μm),SGF (pH 1.2),37.12,11.25
Nano (D50=1μm),SGF (pH 1.2),37.32,11.25
Nano (D50=1μm),SGF (pH 1.2),37.53,11.25
Nano (D50=1μm),SGF (pH 1.2),37.73,11.25
Nano (D50=1μm),SGF (pH 1.2),37.93,11.25
Nano (D50=1μm),SGF (pH 1.2),38.13,11.25
Nano (D50=1μm),SGF (pH 1.2),38.33,11.25
Nano (D50=1μm),SGF (pH 1.2),38.53,11.25
Nano (D50=1μm),SGF (pH 1.2),38.73,11.25
Nano (D50=1μm),SGF (pH 1.2),38.93,11.25
Nano (D50=1μm),SGF (pH 1.2),39.13,11.25
Nano (D50=1μm),SGF (pH 1.2),39.33,11.25
Nano (D50=1μm),SGF (pH 1.2),39.53,11.25
Nano (D50=1μm),SGF (pH 1.2),39.73,11.25
Nano (D50=1μm),SGF (pH 1.2),39.93,11.25
Nano (D50=1μm),SGF (pH 1.2),40.13,11.25
Nano (D50=1μm),SGF (pH 1.2),40.33,11.25
Nano (D50=1μm),SGF (pH 1.2),40.54,11.25
Nano (D50=1μm),SGF (pH 1.2),40.74,11.25
Nano (D50=1μm),SGF (pH 1.2),40.94,11.25
Nano (D50=1μm),SGF (pH 1.2),41.14,11.25
Nano (D50=1μm),SGF (pH 1.2),41.34,11.25
Nano (D50=1μm),SGF (pH 1.2),41.54,11.25
Nano (D50=1μm),SGF (pH 1.2),41.74,11.25
Nano (D50=1μm),SGF (pH 1.2),41.94,11.25
Nano (D50=1μm),SGF (pH 1.2),42.14,11.25
Nano (D50=1μm),SGF (pH 1.2),42.34,11.25
Nano (D50=1μm),SGF (pH 1.2),42.54,11.25
Nano (D50=1μm),SGF (pH 1.2),42.74,11.25
Nano (D50=1μm),SGF (pH 1.2),42.94,11.25
Nano (D50=1μm),SGF (pH 1.2),43.14,11.25
Nano (D50=1μm),SGF (pH 1.2),43.34,11.25
Nano (D50=1μm),SGF (pH 1.2),43.55,11.25
Nano (D50=1μm),SGF (pH 1.2),43.75,11.25
Nano (D50=1μm),SGF (pH 1.2),43.95,11.25
Nano (D50=1μm),SGF (pH 1.2),44.15,11.25
Nano (D50=1μm),SGF (pH 1.2),44.35,11.25
Nano (D50=1μm),SGF (pH 1.2),44.55,11.25
Nano (D50=1μm),SGF (pH 1.2),44.75,11.25
Nano (D50=1μm),SGF (pH 1.2),44.95,11.25
Nano (D50=1μm),SGF (pH 1.2),45.15,11.25
Nano (D50=1μm),SGF (pH 1.2),45.35,11.25
Nano (D50=1μm),SGF (pH 1.2),45.55,11.25
Nano (D50=1μm),SGF (pH 1.2),45.75,11.25
Nano (D50=1μm),SGF (pH 1.2),45.95,11.25
Nano (D50=1μm),SGF (pH 1.2),46.15,11.25
Nano (D50=1μm),SGF (pH 1.2),46.35,11.25
Nano (D50=1μm),SGF (pH 1.2),46.56,11.25
Nano (D50=1μm),SGF (pH 1.2),46.76,11.25
Nano (D50=1μm),SGF (pH 1.2),46.96,11.25
Nano (D50=1μm),SGF (pH 1.2),47.16,11.25
Nano (D50=1μm),SGF (pH 1.2),47.36,11.25
Nano (D50=1μm),SGF (pH 1.2),47.56,11.25
Nano (D50=1μm),SGF (pH 1.2),47.76,11.25
Nano (D50=1μm),SGF (pH 1.2),47.96,11.25
Nano (D50=1μm),SGF (pH 1.2),48.16,11.25
Nano (D50=1μm),SGF (pH 1.2),48.36,11.25
Nano (D50=1μm),SGF (pH 1.2),48.56,11.25
Nano (D50=1μm),SGF (pH 1.2),48.76,11.25
Nano (D50=1μm),SGF (pH 1.2),48.96,11.25
Nano (D50=1μm),SGF (pH 1.2),49.16,11.25
Nano (D50=1μm),SGF (pH 1.2),49.36,11.25
Nano (D50=1μm),SGF (pH 1.2),49.57,11.25
Nano (D50=1μm),SGF (pH 1.2),49.77,11.25
Nano (D50=1μm),SGF (pH 1.2),49.97,11.25
Nano (D50=1μm),SGF (pH 1.2),50.17,11.25
Nano (D50=1μm),SGF (pH 1.2),50.37,11.25
Nano (D50=1μm),SGF (pH 1.2),50.57,11.25
Nano (D50=1μm),SGF (pH 1.2),50.77,11.25
Nano (D50=1μm),SGF (pH 1.2),50.97,11.25
Nano (D50=1μm),SGF (pH 1.2),51.17,11.25
Nano (D50=1μm),SGF (pH 1.2),51.37,11.25
Nano (D50=1μm),SGF (pH 1.2),51.57,11.25
Nano (D50=1μm),SGF (pH 1.2),51.77,11.25
Nano (D50=1μm),SGF (pH 1.2),51.97,11.25
Nano (D50=1μm),SGF (pH 1.2),52.17,11.25
Nano (D50=1μm),SGF (pH 1.2),52.37,11.25
Nano (D50=1μm),SGF (pH 1.2),52.58,11.25
Nano (D50=1μm),SGF (pH 1.2),52.78,11.25
Nano (D50=1μm),SGF (pH 1.2),52.98,11.25
Nano (D50=1μm),SGF (pH 1.2),53.18,11.25
Nano (D50=1μm),SGF (pH 1.2),53.38,11.25
Nano (D50=1μm),SGF (pH 1.2),53.58,11.25
Nano (D50=1μm),SGF (pH 1.2),53.78,11.25
Nano (D50=1μm),SGF (pH 1.2),53.98,11.25
Nano (D50=1μm),SGF (pH 1.2),54.18,11.25
Nano (D50=1μm),SGF (pH 1.2),54.38,11.25
Nano (D50=1μm),SGF (pH 1.2),54.58,11.25
Nano (D50=1μm),SGF (pH 1.2),54.78,11.25
Nano (D50=1μm),SGF (pH 1.2),54.98,11.25
Nano (D50=1μm),SGF (pH 1.2),55.18,11.25
Nano (D50=1μm),SGF (pH 1.2),55.38,11.25
Nano (D50=1μm),SGF (pH 1.2),55.59,11.25
Nano (D50=1μm),SGF (pH 1.2),55.79,11.25
Nano (D50=1μm),SGF (pH 1.2),55.99,11.25
Nano (D50=1μm),SGF (pH 1.2),56.19,11.25
Nano (D50=1μm),SGF (pH 1.2),56.39,11.25
Nano (D50=1μm),SGF (pH 1.2),56.59,11.25
Nano (D50=1μm),SGF (pH 1.2),56.79,11.25
Nano (D50=1μm),SGF (pH 1.2),56.99,11.25
Nano (D50=1μm),SGF (pH 1.2),57.19,11.25
Nano (D50=1μm),SGF (pH 1.2),57.39,11.25
Nano (D50=1μm),SGF (pH 1.2),57.59,11.25
Nano (D50=1μm),SGF (pH 1.2),57.79,11.25
Nano (D50=1μm),SGF (pH 1.2),57.99,11.25
Nano (D50=1μm),SGF (pH 1.2),58.19,11.25
Nano (D50=1μm),SGF (pH 1.2),58.39,11.25
Nano (D50=1μm),SGF (pH 1.2),58.6,11.25
Nano (D50=1μm),SGF (pH 1.2),58.8,11.25
Nano (D50=1μm),SGF (pH 1.2),59.0,11.25
Nano (D50=1μm),SGF (pH 1.2),59.2,11.25
Nano (D50=1μm),SGF (pH 1.2),59.4,11.25
Nano (D50=1μm),SGF (pH 1.2),59.6,11.25
Nano (D50=1μm),SGF (pH 1.2),59.8,11.25
Nano (D50=1μm),SGF (pH 1.2),60.0,11.25
Reference (D50=150μm),PBS (pH 7.4),0.0,0.0
Reference (D50=150μm),PBS (pH 7.4),0.2,18.64
Reference (D50=150μm),PBS (pH 7.4),0.4,32.83
Reference (D50=150μm),PBS (pH 7.4),0.6,43.75
Reference (D50=150μm),PBS (pH 7.4),0.8,52.26
Reference (D50=150μm),PBS (pH 7.4),1.0,58.98
Reference (D50=150μm),PBS (pH 7.4),1.2,64.39
Reference (D50=150μm),PBS (pH 7.4),1.4,68.86
Reference (D50=150μm),PBS (pH 7.4),1.61,72.61
Reference (D50=150μm),PBS (pH 7.4),1.81,75.77
Reference (D50=150μm),PBS (pH 7.4),2.01,78.46
Reference (D50=150μm),PBS (pH 7.4),2.21,80.77
Reference (D50=150μm),PBS (pH 7.4),2.41,82.77
Reference (D50=150μm),PBS (pH 7.4),2.61,84.51
Reference (D50=150μm),PBS (pH 7.4),2.81,86.03
Reference (D50=150μm),PBS (pH 7.4),3.01,87.37
Reference (D50=150μm),PBS (pH 7.4),3.21,88.55
Reference (D50=150μm),PBS (pH 7.4),3.41,89.6
Reference (D50=150μm),PBS (pH 7.4),3.61,90.54
Reference (D50=150μm),PBS (pH 7.4),3.81,91.37
Reference (D50=150μm),PBS (pH 7.4),4.01,92.12
Reference (D50=150μm),PBS (pH 7.4),4.21,92.79
Reference (D50=150μm),PBS (pH 7.4),4.41,93.4
Reference (D50=150μm),PBS (pH 7.4),4.62,93.95
Reference (D50=150μm),PBS (pH 7.4),4.82,94.45
Reference (D50=150μm),PBS (pH 7.4),5.02,94.9
Reference (D50=150μm),PBS (pH 7.4),5.22,95.31
Reference (D50=150μm),PBS (pH 7.4),5.42,95.68
Reference (D50=150μm),PBS (pH 7.4),5.62,96.02
Reference (D50=150μm),PBS (pH 7.4),5.82,96.33
Reference (D50=150μm),PBS (pH 7.4),6.02,96.62
Reference (D50=150μm),PBS (pH 7.4),6.22,96.88
Reference (D50=150μm),PBS (pH 7.4),6.42,97.12
Reference (D50=150μm),PBS (pH 7.4),6.62,97.34
Reference (D50=150μm),PBS (pH 7.4),6.82,97.54
Reference (D50=150μm),PBS (pH 7.4),7.02,97.73
Reference (D50=150μm),PBS (pH 7.4),7.22,97.9
Reference (D50=150μm),PBS (pH 7.4),7.42,98.06
Reference (D50=150μm),PBS (pH 7.4),7.63,98.21
Reference (D50=150μm),PBS (pH 7.4),7.83,98.35
Reference (D50=150μm),PBS (pH 7.4),8.03,98.47
Reference (D50=150μm),PBS (pH 7.4),8.23,98.59
Reference (D50=150μm),PBS (pH 7.4),8.43,98.7
Reference (D50=150μm),PBS (pH 7.4),8.63,98.8
Reference (D50=150μm),PBS (pH 7.4),8.83,98.89
Reference (D50=150μm),PBS (pH 7.4),9.03,98.98
Reference (D50=150μm),PBS (pH 7.4),9.23,99.06
Reference (D50=150μm),PBS (pH 7.4),9.43,99.14
Reference (D50=150μm),PBS (pH 7.4),9.63,99.21
Reference (D50=150μm),PBS (pH 7.4),9.83,99.27
Reference (D50=150μm),PBS (pH 7.4),10.03,99.33
Reference (D50=150μm),PBS (pH 7.4),10.23,99.39
Reference (D50=150μm),PBS (pH 7.4),10.43,99.44
Reference (D50=150μm),PBS (pH 7.4),10.64,99.49
Reference (D50=150μm),PBS (pH 7.4),10.84,99.53
Reference (D50=150μm),PBS (pH 7.4),11.04,99.57
Reference (D50=150μm),PBS (pH 7.4),11.24,99.61
Reference (D50=150μm),PBS (pH 7.4),11.44,99.65
Reference (D50=150μm),PBS (pH 7.4),11.64,99.68
Reference (D50=150μm),PBS (pH 7.4),11.84,99.71
Reference (D50=150μm),PBS (pH 7.4),12.04,99.74
Reference (D50=150μm),PBS (pH 7.4),12.24,99.77
Reference (D50=150μm),PBS (pH 7.4),12.44,99.8
Reference (D50=150μm),PBS (pH 7.4),12.64,99.82
Reference (D50=150μm),PBS (pH 7.4),12.84,99.84
Reference (D50=150μm),PBS (pH 7.4),13.04,99.86
Reference (D50=150μm),PBS (pH 7.4),13.24,99.88
Reference (D50=150μm),PBS (pH 7.4),13.44,99.9
Reference (D50=150μm),PBS (pH 7.4),13.65,99.91
Reference (D50=150μm),PBS (pH 7.4),13.85,99.93
Reference (D50=150μm),PBS (pH 7.4),14.05,99.94
Reference (D50=150μm),PBS (pH 7.4),14.25,99.95
Reference (D50=150μm),PBS (pH 7.4),14.45,99.96
Reference (D50=150μm),PBS (pH 7.4),14.65,99.97
Reference (D50=150μm),PBS (pH 7.4),14.85,99.97
Reference (D50=150μm),PBS (pH 7.4),15.05,99.98
Reference (D50=150μm),PBS (pH 7.4),15.25,99.98
Reference (D50=150μm),PBS (pH 7.4),15.45,99.99
Reference (D50=150μm),PBS (pH 7.4),15.65,99.99
Reference (D50=150μm),PBS (pH 7.4),15.85,99.99
Reference (D50=150μm),PBS (pH 7.4),16.05,100.0
Reference (D50=150μm),PBS (pH 7.4),16.25,100.0
Reference (D50=150μm),PBS (pH 7.4),16.45,100.0
Reference (D50=150μm),PBS (pH 7.4),16.66,100.0
Reference (D50=150μm),PBS (pH 7.4),16.86,100.0
Reference (D50=150μm),PBS (pH 7.4),17.06,100.0
Reference (D50=150μm),PBS (pH 7.4),17.26,100.0
Reference (D50=150μm),PBS (pH 7.4),17.46,100.0
Reference (D50=150μm),PBS (pH 7.4),17.66,100.0
Reference (D50=150μm),PBS (pH 7.4),17.86,100.0
Reference (D50=150μm),PBS (pH 7.4),18.06,100.0
Reference (D50=150μm),PBS (pH 7.4),18.26,100.0
Reference (D50=150μm),PBS (pH 7.4),18.46,100.0
Reference (D50=150μm),PBS (pH 7.4),18.66,100.0
Reference (D50=150μm),PBS (pH 7.4),18.86,100.0
Reference (D50=150μm),PBS (pH 7.4),19.06,100.0
Reference (D50=150μm),PBS (pH 7.4),19.26,100.0
Reference (D50=150μm),PBS (pH 7.4),19.46,100.0
Reference (D50=150μm),PBS (pH 7.4),19.67,100.0
Reference (D50=150μm),PBS (pH 7.4),19.87,100.0
Reference (D50=150μm),PBS (pH 7.4),20.07,100.0
Reference (D50=150μm),PBS (pH 7.4),20.27,100.0
Reference (D50=150μm),PBS (pH 7.4),20.47,100.0
Reference (D50=150μm),PBS (pH 7.4),20.67,100.0
Reference (D50=150μm),PBS (pH 7.4),20.87,100.0
Reference (D50=150μm),PBS (pH 7.4),21.07,100.0
Reference (D50=150μm),PBS (pH 7.4),21.27,100.0
Reference (D50=150μm),PBS (pH 7.4),21.47,100.0
Reference (D50=150μm),PBS (pH 7.4),21.67,100.0
Reference (D50=150μm),PBS (pH 7.4),21.87,100.0
Reference (D50=150μm),PBS (pH 7.4),22.07,100.0
Reference (D50=150μm),PBS (pH 7.4),22.27,100.0
Reference (D50=150μm),PBS (pH 7.4),22.47,100.0
Reference (D50=150μm),PBS (pH 7.4),22.68,100.0
Reference (D50=150μm),PBS (pH 7.4),22.88,100.0
Reference (D50=150μm),PBS (pH 7.4),23.08,100.0
Reference (D50=150μm),PBS (pH 7.4),23.28,100.0
Reference (D50=150μm),PBS (pH 7.4),23.48,100.0
Reference (D50=150μm),PBS (pH 7.4),23.68,100.0
Reference (D50=150μm),PBS (pH 7.4),23.88,100.0
Reference (D50=150μm),PBS (pH 7.4),24.08,100.0
Reference (D50=150μm),PBS (pH 7.4),24.28,100.0
Reference (D50=150μm),PBS (pH 7.4),24.48,100.0
Reference (D50=150μm),PBS (pH 7.4),24.68,100.0
Reference (D50=150μm),PBS (pH 7.4),24.88,100.0
Reference (D50=150μm),PBS (pH 7.4),25.08,100.0
Reference (D50=150μm),PBS (pH 7.4),25.28,100.0
Reference (D50=150μm),PBS (pH 7.4),25.48,100.0
Reference (D50=150μm),PBS (pH 7.4),25.69,100.0
Reference (D50=150μm),PBS (pH 7.4),25.89,100.0
Reference (D50=150μm),PBS (pH 7.4),26.09,100.0
Reference (D50=150μm),PBS (pH 7.4),26.29,100.0
Reference (D50=150μm),PBS (pH 7.4),26.49,100.0
Reference (D50=150μm),PBS (pH 7.4),26.69,100.0
Reference (D50=150μm),PBS (pH 7.4),26.89,100.0
Reference (D50=150μm),PBS (pH 7.4),27.09,100.0
Reference (D50=150μm),PBS (pH 7.4),27.29,100.0
Reference (D50=150μm),PBS (pH 7.4),27.49,100.0
Reference (D50=150μm),PBS (pH 7.4),27.69,100.0
Reference (D50=150μm),PBS (pH 7.4),27.89,100.0
Reference (D50=150μm),PBS (pH 7.4),28.09,100.0
Reference (D50=150μm),PBS (pH 7.4),28.29,100.0
Reference (D50=150μm),PBS (pH 7.4),28.49,100.0
Reference (D50=150μm),PBS (pH 7.4),28.7,100.0
Reference (D50=150μm),PBS (pH 7.4),28.9,100.0
Reference (D50=150μm),PBS (pH 7.4),29.1,100.0
Reference (D50=150μm),PBS (pH 7.4),29.3,100.0
Reference (D50=150μm),PBS (pH 7.4),29.5,100.0
Reference (D50=150μm),PBS (pH 7.4),29.7,100.0
Reference (D50=150μm),PBS (pH 7.4),29.9,100.0
Reference (D50=150μm),PBS (pH 7.4),30.1,100.0
Reference (D50=150μm),PBS (pH 7.4),30.3,100.0
Reference (D50=150μm),PBS (pH 7.4),30.5,100.0
Reference (D50=150μm),PBS (pH 7.4),30.7,100.0
Reference (D50=150μm),PBS (pH 7.4),30.9,100.0
Reference (D50=150μm),PBS (pH 7.4),31.1,100.0
Reference (D50=150μm),PBS (pH 7.4),31.3,100.0
Reference (D50=150μm),PBS (pH 7.4),31.51,100.0
Reference (D50=150μm),PBS (pH 7.4),31.71,100.0
Reference (D50=150μm),PBS (pH 7.4),31.91,100.0
Reference (D50=150μm),PBS (pH 7.4),32.11,100.0
Reference (D50=150μm),PBS (pH 7.4),32.31,100.0
Reference (D50=150μm),PBS (pH 7.4),32.51,100.0
Reference (D50=150μm),PBS (pH 7.4),32.71,100.0
Reference (D50=150μm),PBS (pH 7.4),32.91,100.0
Reference (D50=150μm),PBS (pH 7.4),33.11,100.0
Reference (D50=150μm),PBS (pH 7.4),33.31,100.0
Reference (D50=150μm),PBS (pH 7.4),33.51,100.0
Reference (D50=150μm),PBS (pH 7.4),33.71,100.0
Reference (D50=150μm),PBS (pH 7.4),33.91,100.0
Reference (D50=150μm),PBS (pH 7.4),34.11,100.0
Reference (D50=150μm),PBS (pH 7.4),34.31,100.0
Reference (D50=150μm),PBS (pH 7.4),34.52,100.0
Reference (D50=150μm),PBS (pH 7.4),34.72,100.0
Reference (D50=150μm),PBS (pH 7.4),34.92,100.0
Reference (D50=150μm),PBS (pH 7.4),35.12,100.0
Reference (D50=150μm),PBS (pH 7.4),35.32,100.0
Reference (D50=150μm),PBS (pH 7.4),35.52,100.0
Reference (D50=150μm),PBS (pH 7.4),35.72,100.0
Reference (D50=150μm),PBS (pH 7.4),35.92,100.0
Reference (D50=150μm),PBS (pH 7.4),36.12,100.0
Reference (D50=150μm),PBS (pH 7.4),36.32,100.0
Reference (D50=150μm),PBS (pH 7.4),36.52,100.0
Reference (D50=150μm),PBS (pH 7.4),36.72,100.0
Reference (D50=150μm),PBS (pH 7.4),36.92,100.0
Reference (D50=150μm),PBS (pH 7.4),37.12,100.0
Reference (D50=150μm),PBS (pH 7.4),37.32,100.0
Reference (D50=150μm),PBS (pH 7.4),37.53,100.0
Reference (D50=150μm),PBS (pH 7.4),37.73,100.0
Reference (D50=150μm),PBS (pH 7.4),37.93,100.0
Reference (D50=150μm),PBS (pH 7.4),38.13,100.0
Reference (D50=150μm),PBS (pH 7.4),38.33,100.0
Reference (D50=150μm),PBS (pH 7.4),38.53,100.0
Reference (D50=150μm),PBS (pH 7.4),38.73,100.0
Reference (D50=150μm),PBS (pH 7.4),38.93,100.0
Reference (D50=150μm),PBS (pH 7.4),39.13,100.0
Reference (D50=150μm),PBS (pH 7.4),39.33,100.0
Reference (D50=150μm),PBS (pH 7.4),39.53,100.0
Reference (D50=150μm),PBS (pH 7.4),39.73,100.0
Reference (D50=150μm),PBS (pH 7.4),39.93,100.0
Reference (D50=150μm),PBS (pH 7.4),40.13,100.0
Reference (D50=150μm),PBS (pH 7.4),40.33,100.0
Reference (D50=150μm),PBS (pH 7.4),40.54,100.0
Reference (D50=150μm),PBS (pH 7.4),40.74,100.0
Reference (D50=150μm),PBS (pH 7.4),40.94,100.0
Reference (D50=150μm),PBS (pH 7.4),41.14,100.0
Reference (D50=150μm),PBS (pH 7.4),41.34,100.0
Reference (D50=150μm),PBS (pH 7.4),41.54,100.0
Reference (D50=150μm),PBS (pH 7.4),41.74,100.0
Reference (D50=150μm),PBS (pH 7.4),41.94,100.0
Reference (D50=150μm),PBS (pH 7.4),42.14,100.0
Reference (D50=150μm),PBS (pH 7.4),42.34,100.0
Reference (D50=150μm),PBS (pH 7.4),42.54,100.0
Reference (D50=150μm),PBS (pH 7.4),42.74,100.0
Reference (D50=150μm),PBS (pH 7.4),42.94,100.0
Reference (D50=150μm),PBS (pH 7.4),43.14,100.0
Reference (D50=150μm),PBS (pH 7.4),43.34,100.0
Reference (D50=150μm),PBS (pH 7.4),43.55,100.0
Reference (D50=150μm),PBS (pH 7.4),43.75,100.0
Reference (D50=150μm),PBS (pH 7.4),43.95,100.0
Reference (D50=150μm),PBS (pH 7.4),44.15,100.0
Reference (D50=150μm),PBS (pH 7.4),44.35,100.0
Reference (D50=150μm),PBS (pH 7.4),44.55,100.0
Reference (D50=150μm),PBS (pH 7.4),44.75,100.0
Reference (D50=150μm),PBS (pH 7.4),44.95,100.0
Reference (D50=150μm),PBS (pH 7.4),45.15,100.0
Reference (D50=150μm),PBS (pH 7.4),45.35,100.0
Reference (D50=150μm),PBS (pH 7.4),45.55,100.0
Reference (D50=150μm),PBS (pH 7.4),45.75,100.0
Reference (D50=150μm),PBS (pH 7.4),45.95,100.0
Reference (D50=150μm),PBS (pH 7.4),46.15,100.0
Reference (D50=150μm),PBS (pH 7.4),46.35,100.0
Reference (D50=150μm),PBS (pH 7.4),46.56,100.0
Reference (D50=150μm),PBS (pH 7.4),46.76,100.0
Reference (D50=150μm),PBS (pH 7.4),46.96,100.0
Reference (D50=150μm),PBS (pH 7.4),47.16,100.0
Reference (D50=150μm),PBS (pH 7.4),47.36,100.0
Reference (D50=150μm),PBS (pH 7.4),47.56,100.0
Reference (D50=150μm),PBS (pH 7.4),47.76,100.0
Reference (D50=150μm),PBS (pH 7.4),47.96,100.0
Reference (D50=150μm),PBS (pH 7.4),48.16,100.0
Reference (D50=150μm),PBS (pH 7.4),48.36,100.0
Reference (D50=150μm),PBS (pH 7.4),48.56,100.0
Reference (D50=150μm),PBS (pH 7.4),48.76,100.0
Reference (D50=150μm),PBS (pH 7.4),48.96,100.0
Reference (D50=150μm),PBS (pH 7.4),49.16,100.0
Reference (D50=150μm),PBS (pH 7.4),49.36,100.0
Reference (D50=150μm),PBS (pH 7.4),49.57,100.0
Reference (D50=150μm),PBS (pH 7.4),49.77,100.0
Reference (D50=150μm),PBS (pH 7.4),49.97,100.0
Reference (D50=150μm),PBS (pH 7.4),50.17,100.0
Reference (D50=150μm),PBS (pH 7.4),50.37,100.0
Reference (D50=150μm),PBS (pH 7.4),50.57,100.0
Reference (D50=150μm),PBS (pH 7.4),50.77,100.0
Reference (D50=150μm),PBS (pH 7.4),50.97,100.0
Reference (D50=150μm),PBS (pH 7.4),51.17,100.0
Reference (D50=150μm),PBS (pH 7.4),51.37,100.0
Reference (D50=150μm),PBS (pH 7.4),51.57,100.0
Reference (D50=150μm),PBS (pH 7.4),51.77,100.0
Reference (D50=150μm),PBS (pH 7.4),51.97,100.0
Reference (D50=150μm),PBS (pH 7.4),52.17,100.0
Reference (D50=150μm),PBS (pH 7.4),52.37,100.0
Reference (D50=150μm),PBS (pH 7.4),52.58,100.0
Reference (D50=150μm),PBS (pH 7.4),52.78,100.0
Reference (D50=150μm),PBS (pH 7.4),52.98,100.0
Reference (D50=150μm),PBS (pH 7.4),53.18,100.0
Reference (D50=150μm),PBS (pH 7.4),53.38,100.0
Reference (D50=150μm),PBS (pH 7.4),53.58,100.0
Reference (D50=150μm),PBS (pH 7.4),53.78,100.0
Reference (D50=150μm),PBS (pH 7.4),53.98,100.0
Reference (D50=150μm),PBS (pH 7.4),54.18,100.0
Reference (D50=150μm),PBS (pH 7.4),54.38,100.0
Reference (D50=150μm),PBS (pH 7.4),54.58,100.0
Reference (D50=150μm),PBS (pH 7.4),54.78,100.0
Reference (D50=150μm),PBS (pH 7.4),54.98,100.0
Reference (D50=150μm),PBS (pH 7.4),55.18,100.0
Reference (D50=150μm),PBS (pH 7.4),55.38,100.0
Reference (D50=150μm),PBS (pH 7.4),55.59,100.0
Reference (D50=150μm),PBS (pH 7.4),55.79,100.0
Reference (D50=150μm),PBS (pH 7.4),55.99,100.0
Reference (D50=150μm),PBS (pH 7.4),56.19,100.0
Reference (D50=150μm),PBS (pH 7.4),56.39,100.0
Reference (D50=150μm),PBS (pH 7.4),56.59,100.0
Reference (D50=150μm),PBS (pH 7.4),56.79,100.0
Reference (D50=150μm),PBS (pH 7.4),56.99,100.0
Reference (D50=150μm),PBS (pH 7.4),57.19,100.0
Reference (D50=150μm),PBS (pH 7.4),57.39,100.0
Reference (D50=150μm),PBS (pH 7.4),57.59,100.0
Reference (D50=150μm),PBS (pH 7.4),57.79,100.0
Reference (D50=150μm),PBS (pH 7.4),57.99,100.0
Reference (D50=150μm),PBS (pH 7.4),58.19,100.0
Reference (D50=150μm),PBS (pH 7.4),58.39,100.0
Reference (D50=150μm),PBS (pH 7.4),58.6,100.0
Reference (D50=150μm),PBS (pH 7.4),58.8,100.0
Reference (D50=150μm),PBS (pH 7.4),59.0,100.0
Reference (D50=150μm),PBS (pH 7.4),59.2,100.0
Reference (D50=150μm),PBS (pH 7.4),59.4,100.0
Reference (D50=150μm),PBS (pH 7.4),59.6,100.0
Reference (D50=150μm),PBS (pH 7.4),59.8,100.0
Reference (D50=150μm),PBS (pH 7.4),60.0,100.0
Micronized (D50=25μm),PBS (pH 7.4),0.0,0.0
Micronized (D50=25μm),PBS (pH 7.4),0.2,63.97
Micronized (D50=25μm),PBS (pH 7.4),0.4,81.47
Micronized (D50=25μm),PBS (pH 7.4),0.6,89.11
Micronized (D50=25μm),PBS (pH 7.4),0.8,93.14
Micronized (D50=25μm),PBS (pH 7.4),1.0,95.5
Micronized (D50=25μm),PBS (pH 7.4),1.2,96.98
Micronized (D50=25μm),PBS (pH 7.4),1.4,97.95
Micronized (D50=25μm),PBS (pH 7.4),1.61,98.61
Micronized (D50=25μm),PBS (pH 7.4),1.81,99.06
Micronized (D50=25μm),PBS (pH 7.4),2.01,99.38
Micronized (D50=25μm),PBS (pH 7.4),2.21,99.61
Micronized (D50=25μm),PBS (pH 7.4),2.41,99.77
Micronized (D50=25μm),PBS (pH 7.4),2.61,99.88
Micronized (D50=25μm),PBS (pH 7.4),2.81,99.95
Micronized (D50=25μm),PBS (pH 7.4),3.01,99.99
Micronized (D50=25μm),PBS (pH 7.4),3.21,100.0
Micronized (D50=25μm),PBS (pH 7.4),3.41,100.0
Micronized (D50=25μm),PBS (pH 7.4),3.61,100.0
Micronized (D50=25μm),PBS (pH 7.4),3.81,100.0
Micronized (D50=25μm),PBS (pH 7.4),4.01,100.0
Micronized (D50=25μm),PBS (pH 7.4),4.21,100.0
Micronized (D50=25μm),PBS (pH 7.4),4.41,100.0
Micronized (D50=25μm),PBS (pH 7.4),4.62,100.0
Micronized (D50=25μm),PBS (pH 7.4),4.82,100.0
Micronized (D50=25μm),PBS (pH 7.4),5.02,100.0
Micronized (D50=25μm),PBS (pH 7.4),5.22,100.0
Micronized (D50=25μm),PBS (pH 7.4),5.42,100.0
Micronized (D50=25μm),PBS (pH 7.4),5.62,100.0
Micronized (D50=25μm),PBS (pH 7.4),5.82,100.0
Micronized (D50=25μm),PBS (pH 7.4),6.02,100.0
Micronized (D50=25μm),PBS (pH 7.4),6.22,100.0
Micronized (D50=25μm),PBS (pH 7.4),6.42,100.0
Micronized (D50=25μm),PBS (pH 7.4),6.62,100.0
Micronized (D50=25μm),PBS (pH 7.4),6.82,100.0
Micronized (D50=25μm),PBS (pH 7.4),7.02,100.0
Micronized (D50=25μm),PBS (pH 7.4),7.22,100.0
Micronized (D50=25μm),PBS (pH 7.4),7.42,100.0
Micronized (D50=25μm),PBS (pH 7.4),7.63,100.0
Micronized (D50=25μm),PBS (pH 7.4),7.83,100.0
Micronized (D50=25μm),PBS (pH 7.4),8.03,100.0
Micronized (D50=25μm),PBS (pH 7.4),8.23,100.0
Micronized (D50=25μm),PBS (pH 7.4),8.43,100.0
Micronized (D50=25μm),PBS (pH 7.4),8.63,100.0
Micronized (D50=25μm),PBS (pH 7.4),8.83,100.0
Micronized (D50=25μm),PBS (pH 7.4),9.03,100.0
Micronized (D50=25μm),PBS (pH 7.4),9.23,100.0
Micronized (D50=25μm),PBS (pH 7.4),9.43,100.0
Micronized (D50=25μm),PBS (pH 7.4),9.63,100.0
Micronized (D50=25μm),PBS (pH 7.4),9.83,100.0
Micronized (D50=25μm),PBS (pH 7.4),10.03,100.0
Micronized (D50=25μm),PBS (pH 7.4),10.23,100.0
Micronized (D50=25μm),PBS (pH 7.4),10.43,100.0
Micronized (D50=25μm),PBS (pH 7.4),10.64,100.0
Micronized (D50=25μm),PBS (pH 7.4),10.84,100.0
Micronized (D50=25μm),PBS (pH 7.4),11.04,100.0
Micronized (D50=25μm),PBS (pH 7.4),11.24,100.0
Micronized (D50=25μm),PBS (pH 7.4),11.44,100.0
Micronized (D50=25μm),PBS (pH 7.4),11.64,100.0
Micronized (D50=25μm),PBS (pH 7.4),11.84,100.0
Micronized (D50=25μm),PBS (pH 7.4),12.04,100.0
Micronized (D50=25μm),PBS (pH 7.4),12.24,100.0
Micronized (D50=25μm),PBS (pH 7.4),12.44,100.0
Micronized (D50=25μm),PBS (pH 7.4),12.64,100.0
Micronized (D50=25μm),PBS (pH 7.4),12.84,100.0
Micronized (D50=25μm),PBS (pH 7.4),13.04,100.0
Micronized (D50=25μm),PBS (pH 7.4),13.24,100.0
Micronized (D50=25μm),PBS (pH 7.4),13.44,100.0
Micronized (D50=25μm),PBS (pH 7.4),13.65,100.0
Micronized (D50=25μm),PBS (pH 7.4),13.85,100.0
Micronized (D50=25μm),PBS (pH 7.4),14.05,100.0
Micronized (D50=25μm),PBS (pH 7.4),14.25,100.0
Micronized (D50=25μm),PBS (pH 7.4),14.45,100.0
Micronized (D50=25μm),PBS (pH 7.4),14.65,100.0
Micronized (D50=25μm),PBS (pH 7.4),14.85,100.0
Micronized (D50=25μm),PBS (pH 7.4),15.05,100.0
Micronized (D50=25μm),PBS (pH 7.4),15.25,100.0
Micronized (D50=25μm),PBS (pH 7.4),15.45,100.0
Micronized (D50=25μm),PBS (pH 7.4),15.65,100.0
Micronized (D50=25μm),PBS (pH 7.4),15.85,100.0
Micronized (D50=25μm),PBS (pH 7.4),16.05,100.0
Micronized (D50=25μm),PBS (pH 7.4),16.25,100.0
Micronized (D50=25μm),PBS (pH 7.4),16.45,100.0
Micronized (D50=25μm),PBS (pH 7.4),16.66,100.0
Micronized (D50=25μm),PBS (pH 7.4),16.86,100.0
Micronized (D50=25μm),PBS (pH 7.4),17.06,100.0
Micronized (D50=25μm),PBS (pH 7.4),17.26,100.0
Micronized (D50=25μm),PBS (pH 7.4),17.46,100.0
Micronized (D50=25μm),PBS (pH 7.4),17.66,100.0
Micronized (D50=25μm),PBS (pH 7.4),17.86,100.0
Micronized (D50=25μm),PBS (pH 7.4),18.06,100.0
Micronized (D50=25μm),PBS (pH 7.4),18.26,100.0
Micronized (D50=25μm),PBS (pH 7.4),18.46,100.0
Micronized (D50=25μm),PBS (pH 7.4),18.66,100.0
Micronized (D50=25μm),PBS (pH 7.4),18.86,100.0
Micronized (D50=25μm),PBS (pH 7.4),19.06,100.0
Micronized (D50=25μm),PBS (pH 7.4),19.26,100.0
Micronized (D50=25μm),PBS (pH 7.4),19.46,100.0
Micronized (D50=25μm),PBS (pH 7.4),19.67,100.0
Micronized (D50=25μm),PBS (pH 7.4),19.87,100.0
Micronized (D50=25μm),PBS (pH 7.4),20.07,100.0
Micronized (D50=25μm),PBS (pH 7.4),20.27,100.0
Micronized (D50=25μm),PBS (pH 7.4),20.47,100.0
Micronized (D50=25μm),PBS (pH 7.4),20.67,100.0
Micronized (D50=25μm),PBS (pH 7.4),20.87,100.0
Micronized (D50=25μm),PBS (pH 7.4),21.07,100.0
Micronized (D50=25μm),PBS (pH 7.4),21.27,100.0
Micronized (D50=25μm),PBS (pH 7.4),21.47,100.0
Micronized (D50=25μm),PBS (pH 7.4),21.67,100.0
Micronized (D50=25μm),PBS (pH 7.4),21.87,100.0
Micronized (D50=25μm),PBS (pH 7.4),22.07,100.0
Micronized (D50=25μm),PBS (pH 7.4),22.27,100.0
Micronized (D50=25μm),PBS (pH 7.4),22.47,100.0
Micronized (D50=25μm),PBS (pH 7.4),22.68,100.0
Micronized (D50=25μm),PBS (pH 7.4),22.88,100.0
Micronized (D50=25μm),PBS (pH 7.4),23.08,100.0
Micronized (D50=25μm),PBS (pH 7.4),23.28,100.0
Micronized (D50=25μm),PBS (pH 7.4),23.48,100.0
Micronized (D50=25μm),PBS (pH 7.4),23.68,100.0
Micronized (D50=25μm),PBS (pH 7.4),23.88,100.0
Micronized (D50=25μm),PBS (pH 7.4),24.08,100.0
Micronized (D50=25μm),PBS (pH 7.4),24.28,100.0
Micronized (D50=25μm),PBS (pH 7.4),24.48,100.0
Micronized (D50=25μm),PBS (pH 7.4),24.68,100.0
Micronized (D50=25μm),PBS (pH 7.4),24.88,100.0
Micronized (D50=25μm),PBS (pH 7.4),25.08,100.0
Micronized (D50=25μm),PBS (pH 7.4),25.28,100.0
Micronized (D50=25μm),PBS (pH 7.4),25.48,100.0
Micronized (D50=25μm),PBS (pH 7.4),25.69,100.0
Micronized (D50=25μm),PBS (pH 7.4),25.89,100.0
Micronized (D50=25μm),PBS (pH 7.4),26.09,100.0
Micronized (D50=25μm),PBS (pH 7.4),26.29,100.0
Micronized (D50=25μm),PBS (pH 7.4),26.49,100.0
Micronized (D50=25μm),PBS (pH 7.4),26.69,100.0
Micronized (D50=25μm),PBS (pH 7.4),26.89,100.0
Micronized (D50=25μm),PBS (pH 7.4),27.09,100.0
Micronized (D50=25μm),PBS (pH 7.4),27.29,100.0
Micronized (D50=25μm),PBS (pH 7.4),27.49,100.0
Micronized (D50=25μm),PBS (pH 7.4),27.69,100.0
Micronized (D50=25μm),PBS (pH 7.4),27.89,100.0
Micronized (D50=25μm),PBS (pH 7.4),28.09,100.0
Micronized (D50=25μm),PBS (pH 7.4),28.29,100.0
Micronized (D50=25μm),PBS (pH 7.4),28.49,100.0
Micronized (D50=25μm),PBS (pH 7.4),28.7,100.0
Micronized (D50=25μm),PBS (pH 7.4),28.9,100.0
Micronized (D50=25μm),PBS (pH 7.4),29.1,100.0
Micronized (D50=25μm),PBS (pH 7.4),29.3,100.0
Micronized (D50=25μm),PBS (pH 7.4),29.5,100.0
Micronized (D50=25μm),PBS (pH 7.4),29.7,100.0
Micronized (D50=25μm),PBS (pH 7.4),29.9,100.0
Micronized (D50=25μm),PBS (pH 7.4),30.1,100.0
Micronized (D50=25μm),PBS (pH 7.4),30.3,100.0
Micronized (D50=25μm),PBS (pH 7.4),30.5,100.0
Micronized (D50=25μm),PBS (pH 7.4),30.7,100.0
Micronized (D50=25μm),PBS (pH 7.4),30.9,100.0
Micronized (D50=25μm),PBS (pH 7.4),31.1,100.0
Micronized (D50=25μm),PBS (pH 7.4),31.3,100.0
Micronized (D50=25μm),PBS (pH 7.4),31.51,100.0
Micronized (D50=25μm),PBS (pH 7.4),31.71,100.0
Micronized (D50=25μm),PBS (pH 7.4),31.91,100.0
Micronized (D50=25μm),PBS (pH 7.4),32.11,100.0
Micronized (D50=25μm),PBS (pH 7.4),32.31,100.0
Micronized (D50=25μm),PBS (pH 7.4),32.51,100.0
Micronized (D50=25μm),PBS (pH 7.4),32.71,100.0
Micronized (D50=25μm),PBS (pH 7.4),32.91,100.0
Micronized (D50=25μm),PBS (pH 7.4),33.11,100.0
Micronized (D50=25μm),PBS (pH 7.4),33.31,100.0
Micronized (D50=25μm),PBS (pH 7.4),33.51,100.0
Micronized (D50=25μm),PBS (pH 7.4),33.71,100.0
Micronized (D50=25μm),PBS (pH 7.4),33.91,100.0
Micronized (D50=25μm),PBS (pH 7.4),34.11,100.0
Micronized (D50=25μm),PBS (pH 7.4),34.31,100.0
Micronized (D50=25μm),PBS (pH 7.4),34.52,100.0
Micronized (D50=25μm),PBS (pH 7.4),34.72,100.0
Micronized (D50=25μm),PBS (pH 7.4),34.92,100.0
Micronized (D50=25μm),PBS (pH 7.4),35.12,100.0
Micronized (D50=25μm),PBS (pH 7.4),35.32,100.0
Micronized (D50=25μm),PBS (pH 7.4),35.52,100.0
Micronized (D50=25μm),PBS (pH 7.4),35.72,100.0
Micronized (D50=25μm),PBS (pH 7.4),35.92,100.0
Micronized (D50=25μm),PBS (pH 7.4),36.12,100.0
Micronized (D50=25μm),PBS (pH 7.4),36.32,100.0
Micronized (D50=25μm),PBS (pH 7.4),36.52,100.0
Micronized (D50=25μm),PBS (pH 7.4),36.72,100.0
Micronized (D50=25μm),PBS (pH 7.4),36.92,100.0
Micronized (D50=25μm),PBS (pH 7.4),37.12,100.0
Micronized (D50=25μm),PBS (pH 7.4),37.32,100.0
Micronized (D50=25μm),PBS (pH 7.4),37.53,100.0
Micronized (D50=25μm),PBS (pH 7.4),37.73,100.0
Micronized (D50=25μm),PBS (pH 7.4),37.93,100.0
Micronized (D50=25μm),PBS (pH 7.4),38.13,100.0
Micronized (D50=25μm),PBS (pH 7.4),38.33,100.0
Micronized (D50=25μm),PBS (pH 7.4),38.53,100.0
Micronized (D50=25μm),PBS (pH 7.4),38.73,100.0
Micronized (D50=25μm),PBS (pH 7.4),38.93,100.0
Micronized (D50=25μm),PBS (pH 7.4),39.13,100.0
Micronized (D50=25μm),PBS (pH 7.4),39.33,100.0
Micronized (D50=25μm),PBS (pH 7.4),39.53,100.0
Micronized (D50=25μm),PBS (pH 7.4),39.73,100.0
Micronized (D50=25μm),PBS (pH 7.4),39.93,100.0
Micronized (D50=25μm),PBS (pH 7.4),40.13,100.0
Micronized (D50=25μm),PBS (pH 7.4),40.33,100.0
Micronized (D50=25μm),PBS (pH 7.4),40.54,100.0
Micronized (D50=25μm),PBS (pH 7.4),40.74,100.0
Micronized (D50=25μm),PBS (pH 7.4),40.94,100.0
Micronized (D50=25μm),PBS (pH 7.4),41.14,100.0
Micronized (D50=25μm),PBS (pH 7.4),41.34,100.0
Micronized (D50=25μm),PBS (pH 7.4),41.54,100.0
Micronized (D50=25μm),PBS (pH 7.4),41.74,100.0
Micronized (D50=25μm),PBS (pH 7.4),41.94,100.0
Micronized (D50=25μm),PBS (pH 7.4),42.14,100.0
Micronized (D50=25μm),PBS (pH 7.4),42.34,100.0
Micronized (D50=25μm),PBS (pH 7.4),42.54,100.0
Micronized (D50=25μm),PBS (pH 7.4),42.74,100.0
Micronized (D50=25μm),PBS (pH 7.4),42.94,100.0
Micronized (D50=25μm),PBS (pH 7.4),43.14,100.0
Micronized (D50=25μm),PBS (pH 7.4),43.34,100.0
Micronized (D50=25μm),PBS (pH 7.4),43.55,100.0
Micronized (D50=25μm),PBS (pH 7.4),43.75,100.0
Micronized (D50=25μm),PBS (pH 7.4),43.95,100.0
Micronized (D50=25μm),PBS (pH 7.4),44.15,100.0
Micronized (D50=25μm),PBS (pH 7.4),44.35,100.0
Micronized (D50=25μm),PBS (pH 7.4),44.55,100.0
Micronized (D50=25μm),PBS (pH 7.4),44.75,100.0
Micronized (D50=25μm),PBS (pH 7.4),44.95,100.0
Micronized (D50=25μm),PBS (pH 7.4),45.15,100.0
Micronized (D50=25μm),PBS (pH 7.4),45.35,100.0
Micronized (D50=25μm),PBS (pH 7.4),45.55,100.0
Micronized (D50=25μm),PBS (pH 7.4),45.75,100.0
Micronized (D50=25μm),PBS (pH 7.4),45.95,100.0
Micronized (D50=25μm),PBS (pH 7.4),46.15,100.0
Micronized (D50=25μm),PBS (pH 7.4),46.35,100.0
Micronized (D50=25μm),PBS (pH 7.4),46.56,100.0
Micronized (D50=25μm),PBS (pH 7.4),46.76,100.0
Micronized (D50=25μm),PBS (pH 7.4),46.96,100.0
Micronized (D50=25μm),PBS (pH 7.4),47.16,100.0
Micronized (D50=25μm),PBS (pH 7.4),47.36,100.0
Micronized (D50=25μm),PBS (pH 7.4),47.56,100.0
Micronized (D50=25μm),PBS (pH 7.4),47.76,100.0
Micronized (D50=25μm),PBS (pH 7.4),47.96,100.0
Micronized (D50=25μm),PBS (pH 7.4),48.16,100.0
Micronized (D50=25μm),PBS (pH 7.4),48.36,100.0
Micronized (D50=25μm),PBS (pH 7.4),48.56,100.0
Micronized (D50=25μm),PBS (pH 7.4),48.76,100.0
Micronized (D50=25μm),PBS (pH 7.4),48.96,100.0
Micronized (D50=25μm),PBS (pH 7.4),49.16,100.0
Micronized (D50=25μm),PBS (pH 7.4),49.36,100.0
Micronized (D50=25μm),PBS (pH 7.4),49.57,100.0
Micronized (D50=25μm),PBS (pH 7.4),49.77,100.0
Micronized (D50=25μm),PBS (pH 7.4),49.97,100.0
Micronized (D50=25μm),PBS (pH 7.4),50.17,100.0
Micronized (D50=25μm),PBS (pH 7.4),50.37,100.0
Micronized (D50=25μm),PBS (pH 7.4),50.57,100.0
Micronized (D50=25μm),PBS (pH 7.4),50.77,100.0
Micronized (D50=25μm),PBS (pH 7.4),50.97,100.0
Micronized (D50=25μm),PBS (pH 7.4),51.17,100.0
Micronized (D50=25μm),PBS (pH 7.4),51.37,100.0
Micronized (D50=25μm),PBS (pH 7.4),51.57,100.0
Micronized (D50=25μm),PBS (pH 7.4),51.77,100.0
Micronized (D50=25μm),PBS (pH 7.4),51.97,100.0
Micronized (D50=25μm),PBS (pH 7.4),52.17,100.0
Micronized (D50=25μm),PBS (pH 7.4),52.37,100.0
Micronized (D50=25μm),PBS (pH 7.4),52.58,100.0
Micronized (D50=25μm),PBS (pH 7.4),52.78,100.0
Micronized (D50=25μm),PBS (pH 7.4),52.98,100.0
Micronized (D50=25μm),PBS (pH 7.4),53.18,100.0
Micronized (D50=25μm),PBS (pH 7.4),53.38,100.0
Micronized (D50=25μm),PBS (pH 7.4),53.58,100.0
Micronized (D50=25μm),PBS (pH 7.4),53.78,100.0
Micronized (D50=25μm),PBS (pH 7.4),53.98,100.0
Micronized (D50=25μm),PBS (pH 7.4),54.18,100.0
Micronized (D50=25μm),PBS (pH 7.4),54.38,100.0
Micronized (D50=25μm),PBS (pH 7.4),54.58,100.0
Micronized (D50=25μm),PBS (pH 7.4),54.78,100.0
Micronized (D50=25μm),PBS (pH 7.4),54.98,100.0
Micronized (D50=25μm),PBS (pH 7.4),55.18,100.0
Micronized (D50=25μm),PBS (pH 7.4),55.38,100.0
Micronized (D50=25μm),PBS (pH 7.4),55.59,100.0
Micronized (D50=25μm),PBS (pH 7.4),55.79,100.0
Micronized (D50=25μm),PBS (pH 7.4),55.99,100.0
Micronized (D50=25μm),PBS (pH 7.4),56.19,100.0
Micronized (D50=25μm),PBS (pH 7.4),56.39,100.0
Micronized (D50=25μm),PBS (pH 7.4),56.59,100.0
Micronized (D50=25μm),PBS (pH 7.4),56.79,100.0
Micronized (D50=25μm),PBS (pH 7.4),56.99,100.0
Micronized (D50=25μm),PBS (pH 7.4),57.19,100.0
Micronized (D50=25μm),PBS (pH 7.4),57.39,100.0
Micronized (D50=25μm),PBS (pH 7.4),57.59,100.0
Micronized (D50=25μm),PBS (pH 7.4),57.79,100.0
Micronized (D50=25μm),PBS (pH 7.4),57.99,100.0
Micronized (D50=25μm),PBS (pH 7.4),58.19,100.0
Micronized (D50=25μm),PBS (pH 7.4),58.39,100.0
Micronized (D50=25μm),PBS (pH 7.4),58.6,100.0
Micronized (D50=25μm),PBS (pH 7.4),58.8,100.0
Micronized (D50=25μm),PBS (pH 7.4),59.0,100.0
Micronized (D50=25μm),PBS (pH 7.4),59.2,100.0
Micronized (D50=25μm),PBS (pH 7.4),59.4,100.0
Micronized (D50=25μm),PBS (pH 7.4),59.6,100.0
Micronized (D50=25μm),PBS (pH 7.4),59.8,100.0
Micronized (D50=25μm),PBS (pH 7.4),60.0,100.0
Nano (D50=1μm),PBS (pH 7.4),0.0,0.0
Nano (D50=1μm),PBS (pH 7.4),0.2,100.0
Nano (D50=1μm),PBS (pH 7.4),0.4,100.0
Nano (D50=1μm),PBS (pH 7.4),0.6,100.0
Nano (D50=1μm),PBS (pH 7.4),0.8,100.0
Nano (D50=1μm),PBS (pH 7.4),1.0,100.0
Nano (D50=1μm),PBS (pH 7.4),1.2,100.0
Nano (D50=1μm),PBS (pH 7.4),1.4,100.0
Nano (D50=1μm),PBS (pH 7.4),1.61,100.0
Nano (D50=1μm),PBS (pH 7.4),1.81,100.0
Nano (D50=1μm),PBS (pH 7.4),2.01,100.0
Nano (D50=1μm),PBS (pH 7.4),2.21,100.0
Nano (D50=1μm),PBS (pH 7.4),2.41,100.0
Nano (D50=1μm),PBS (pH 7.4),2.61,100.0
Nano (D50=1μm),PBS (pH 7.4),2.81,100.0
Nano (D50=1μm),PBS (pH 7.4),3.01,100.0
Nano (D50=1μm),PBS (pH 7.4),3.21,100.0
Nano (D50=1μm),PBS (pH 7.4),3.41,100.0
Nano (D50=1μm),PBS (pH 7.4),3.61,100.0
Nano (D50=1μm),PBS (pH 7.4),3.81,100.0
Nano (D50=1μm),PBS (pH 7.4),4.01,100.0
Nano (D50=1μm),PBS (pH 7.4),4.21,100.0
Nano (D50=1μm),PBS (pH 7.4),4.41,100.0
Nano (D50=1μm),PBS (pH 7.4),4.62,100.0
Nano (D50=1μm),PBS (pH 7.4),4.82,100.0
Nano (D50=1μm),PBS (pH 7.4),5.02,100.0
Nano (D50=1μm),PBS (pH 7.4),5.22,100.0
Nano (D50=1μm),PBS (pH 7.4),5.42,100.0
Nano (D50=1μm),PBS (pH 7.4),5.62,100.0
Nano (D50=1μm),PBS (pH 7.4),5.82,100.0
Nano (D50=1μm),PBS (pH 7.4),6.02,100.0
Nano (D50=1μm),PBS (pH 7.4),6.22,100.0
Nano (D50=1μm),PBS (pH 7.4),6.42,100.0
Nano (D50=1μm),PBS (pH 7.4),6.62,100.0
Nano (D50=1μm),PBS (pH 7.4),6.82,100.0
Nano (D50=1μm),PBS (pH 7.4),7.02,100.0
Nano (D50=1μm),PBS (pH 7.4),7.22,100.0
Nano (D50=1μm),PBS (pH 7.4),7.42,100.0
Nano (D50=1μm),PBS (pH 7.4),7.63,100.0
Nano (D50=1μm),PBS (pH 7.4),7.83,100.0
Nano (D50=1μm),PBS (pH 7.4),8.03,100.0
Nano (D50=1μm),PBS (pH 7.4),8.23,100.0
Nano (D50=1μm),PBS (pH 7.4),8.43,100.0
Nano (D50=1μm),PBS (pH 7.4),8.63,100.0
Nano (D50=1μm),PBS (pH 7.4),8.83,100.0
Nano (D50=1μm),PBS (pH 7.4),9.03,100.0
Nano (D50=1μm),PBS (pH 7.4),9.23,100.0
Nano (D50=1μm),PBS (pH 7.4),9.43,100.0
Nano (D50=1μm),PBS (pH 7.4),9.63,100.0
Nano (D50=1μm),PBS (pH 7.4),9.83,100.0
Nano (D50=1μm),PBS (pH 7.4),10.03,100.0
Nano (D50=1μm),PBS (pH 7.4),10.23,100.0
Nano (D50=1μm),PBS (pH 7.4),10.43,100.0
Nano (D50=1μm),PBS (pH 7.4),10.64,100.0
Nano (D50=1μm),PBS (pH 7.4),10.84,100.0
Nano (D50=1μm),PBS (pH 7.4),11.04,100.0
Nano (D50=1μm),PBS (pH 7.4),11.24,100.0
Nano (D50=1μm),PBS (pH 7.4),11.44,100.0
Nano (D50=1μm),PBS (pH 7.4),11.64,100.0
Nano (D50=1μm),PBS (pH 7.4),11.84,100.0
Nano (D50=1μm),PBS (pH 7.4),12.04,100.0
Nano (D50=1μm),PBS (pH 7.4),12.24,100.0
Nano (D50=1μm),PBS (pH 7.4),12.44,100.0
Nano (D50=1μm),PBS (pH 7.4),12.64,100.0
Nano (D50=1μm),PBS (pH 7.4),12.84,100.0
Nano (D50=1μm),PBS (pH 7.4),13.04,100.0
Nano (D50=1μm),PBS (pH 7.4),13.24,100.0
Nano (D50=1μm),PBS (pH 7.4),13.44,100.0
Nano (D50=1μm),PBS (pH 7.4),13.65,100.0
Nano (D50=1μm),PBS (pH 7.4),13.85,100.0
Nano (D50=1μm),PBS (pH 7.4),14.05,100.0
Nano (D50=1μm),PBS (pH 7.4),14.25,100.0
Nano (D50=1μm),PBS (pH 7.4),14.45,100.0
Nano (D50=1μm),PBS (pH 7.4),14.65,100.0
Nano (D50=1μm),PBS (pH 7.4),14.85,100.0
Nano (D50=1μm),PBS (pH 7.4),15.05,100.0
Nano (D50=1μm),PBS (pH 7.4),15.25,100.0
Nano (D50=1μm),PBS (pH 7.4),15.45,100.0
Nano (D50=1μm),PBS (pH 7.4),15.65,100.0
Nano (D50=1μm),PBS (pH 7.4),15.85,100.0
Nano (D50=1μm),PBS (pH 7.4),16.05,100.0
Nano (D50=1μm),PBS (pH 7.4),16.25,100.0
Nano (D50=1μm),PBS (pH 7.4),16.45,100.0
Nano (D50=1μm),PBS (pH 7.4),16.66,100.0
Nano (D50=1μm),PBS (pH 7.4),16.86,100.0
Nano (D50=1μm),PBS (pH 7.4),17.06,100.0
Nano (D50=1μm),PBS (pH 7.4),17.26,100.0
Nano (D50=1μm),PBS (pH 7.4),17.46,100.0
Nano (D50=1μm),PBS (pH 7.4),17.66,100.0
Nano (D50=1μm),PBS (pH 7.4),17.86,100.0
Nano (D50=1μm),PBS (pH 7.4),18.06,100.0
Nano (D50=1μm),PBS (pH 7.4),18.26,100.0
Nano (D50=1μm),PBS (pH 7.4),18.46,100.0
Nano (D50=1μm),PBS (pH 7.4),18.66,100.0
Nano (D50=1μm),PBS (pH 7.4),18.86,100.0
Nano (D50=1μm),PBS (pH 7.4),19.06,100.0
Nano (D50=1μm),PBS (pH 7.4),19.26,100.0
Nano (D50=1μm),PBS (pH 7.4),19.46,100.0
Nano (D50=1μm),PBS (pH 7.4),19.67,100.0
Nano (D50=1μm),PBS (pH 7.4),19.87,100.0
Nano (D50=1μm),PBS (pH 7.4),20.07,100.0
Nano (D50=1μm),PBS (pH 7.4),20.27,100.0
Nano (D50=1μm),PBS (pH 7.4),20.47,100.0
Nano (D50=1μm),PBS (pH 7.4),20.67,100.0
Nano (D50=1μm),PBS (pH 7.4),20.87,100.0
Nano (D50=1μm),PBS (pH 7.4),21.07,100.0
Nano (D50=1μm),PBS (pH 7.4),21.27,100.0
Nano (D50=1μm),PBS (pH 7.4),21.47,100.0
Nano (D50=1μm),PBS (pH 7.4),21.67,100.0
Nano (D50=1μm),PBS (pH 7.4),21.87,100.0
Nano (D50=1μm),PBS (pH 7.4),22.07,100.0
Nano (D50=1μm),PBS (pH 7.4),22.27,100.0
Nano (D50=1μm),PBS (pH 7.4),22.47,100.0
Nano (D50=1μm),PBS (pH 7.4),22.68,100.0
Nano (D50=1μm),PBS (pH 7.4),22.88,100.0
Nano (D50=1μm),PBS (pH 7.4),23.08,100.0
Nano (D50=1μm),PBS (pH 7.4),23.28,100.0
Nano (D50=1μm),PBS (pH 7.4),23.48,100.0
Nano (D50=1μm),PBS (pH 7.4),23.68,100.0
Nano (D50=1μm),PBS (pH 7.4),23.88,100.0
Nano (D50=1μm),PBS (pH 7.4),24.08,100.0
Nano (D50=1μm),PBS (pH 7.4),24.28,100.0
Nano (D50=1μm),PBS (pH 7.4),24.48,100.0
Nano (D50=1μm),PBS (pH 7.4),24.68,100.0
Nano (D50=1μm),PBS (pH 7.4),24.88,100.0
Nano (D50=1μm),PBS (pH 7.4),25.08,100.0
Nano (D50=1μm),PBS (pH 7.4),25.28,100.0
Nano (D50=1μm),PBS (pH 7.4),25.48,100.0
Nano (D50=1μm),PBS (pH 7.4),25.69,100.0
Nano (D50=1μm),PBS (pH 7.4),25.89,100.0
Nano (D50=1μm),PBS (pH 7.4),26.09,100.0
Nano (D50=1μm),PBS (pH 7.4),26.29,100.0
Nano (D50=1μm),PBS (pH 7.4),26.49,100.0
Nano (D50=1μm),PBS (pH 7.4),26.69,100.0
Nano (D50=1μm),PBS (pH 7.4),26.89,100.0
Nano (D50=1μm),PBS (pH 7.4),27.09,100.0
Nano (D50=1μm),PBS (pH 7.4),27.29,100.0
Nano (D50=1μm),PBS (pH 7.4),27.49,100.0
Nano (D50=1μm),PBS (pH 7.4),27.69,100.0
Nano (D50=1μm),PBS (pH 7.4),27.89,100.0
Nano (D50=1μm),PBS (pH 7.4),28.09,100.0
Nano (D50=1μm),PBS (pH 7.4),28.29,100.0
Nano (D50=1μm),PBS (pH 7.4),28.49,100.0
Nano (D50=1μm),PBS (pH 7.4),28.7,100.0
Nano (D50=1μm),PBS (pH 7.4),28.9,100.0
Nano (D50=1μm),PBS (pH 7.4),29.1,100.0
Nano (D50=1μm),PBS (pH 7.4),29.3,100.0
Nano (D50=1μm),PBS (pH 7.4),29.5,100.0
Nano (D50=1μm),PBS (pH 7.4),29.7,100.0
Nano (D50=1μm),PBS (pH 7.4),29.9,100.0
Nano (D50=1μm),PBS (pH 7.4),30.1,100.0
Nano (D50=1μm),PBS (pH 7.4),30.3,100.0
Nano (D50=1μm),PBS (pH 7.4),30.5,100.0
Nano (D50=1μm),PBS (pH 7.4),30.7,100.0
Nano (D50=1μm),PBS (pH 7.4),30.9,100.0
Nano (D50=1μm),PBS (pH 7.4),31.1,100.0
Nano (D50=1μm),PBS (pH 7.4),31.3,100.0
Nano (D50=1μm),PBS (pH 7.4),31.51,100.0
Nano (D50=1μm),PBS (pH 7.4),31.71,100.0
Nano (D50=1μm),PBS (pH 7.4),31.91,100.0
Nano (D50=1μm),PBS (pH 7.4),32.11,100.0
Nano (D50=1μm),PBS (pH 7.4),32.31,100.0
Nano (D50=1μm),PBS (pH 7.4),32.51,100.0
Nano (D50=1μm),PBS (pH 7.4),32.71,100.0
Nano (D50=1μm),PBS (pH 7.4),32.91,100.0
Nano (D50=1μm),PBS (pH 7.4),33.11,100.0
Nano (D50=1μm),PBS (pH 7.4),33.31,100.0
Nano (D50=1μm),PBS (pH 7.4),33.51,100.0
Nano (D50=1μm),PBS (pH 7.4),33.71,100.0
Nano (D50=1μm),PBS (pH 7.4),33.91,100.0
Nano (D50=1μm),PBS (pH 7.4),34.11,100.0
Nano (D50=1μm),PBS (pH 7.4),34.31,100.0
Nano (D50=1μm),PBS (pH 7.4),34.52,100.0
Nano (D50=1μm),PBS (pH 7.4),34.72,100.0
Nano (D50=1μm),PBS (pH 7.4),34.92,100.0
Nano (D50=1μm),PBS (pH 7.4),35.12,100.0
Nano (D50=1μm),PBS (pH 7.4),35.32,100.0
Nano (D50=1μm),PBS (pH 7.4),35.52,100.0
Nano (D50=1μm),PBS (pH 7.4),35.72,100.0
Nano (D50=1μm),PBS (pH 7.4),35.92,100.0
Nano (D50=1μm),PBS (pH 7.4),36.12,100.0
Nano (D50=1μm),PBS (pH 7.4),36.32,100.0
Nano (D50=1μm),PBS (pH 7.4),36.52,100.0
Nano (D50=1μm),PBS (pH 7.4),36.72,100.0
Nano (D50=1μm),PBS (pH 7.4),36.92,100.0
Nano (D50=1μm),PBS (pH 7.4),37.12,100.0
Nano (D50=1μm),PBS (pH 7.4),37.32,100.0
Nano (D50=1μm),PBS (pH 7.4),37.53,100.0
Nano (D50=1μm),PBS (pH 7.4),37.73,100.0
Nano (D50=1μm),PBS (pH 7.4),37.93,100.0
Nano (D50=1μm),PBS (pH 7.4),38.13,100.0
Nano (D50=1μm),PBS (pH 7.4),38.33,100.0
Nano (D50=1μm),PBS (pH 7.4),38.53,100.0
Nano (D50=1μm),PBS (pH 7.4),38.73,100.0
Nano (D50=1μm),PBS (pH 7.4),38.93,100.0
Nano (D50=1μm),PBS (pH 7.4),39.13,100.0
Nano (D50=1μm),PBS (pH 7.4),39.33,100.0
Nano (D50=1μm),PBS (pH 7.4),39.53,100.0
Nano (D50=1μm),PBS (pH 7.4),39.73,100.0
Nano (D50=1μm),PBS (pH 7.4),39.93,100.0
Nano (D50=1μm),PBS (pH 7.4),40.13,100.0
Nano (D50=1μm),PBS (pH 7.4),40.33,100.0
Nano (D50=1μm),PBS (pH 7.4),40.54,100.0
Nano (D50=1μm),PBS (pH 7.4),40.74,100.0
Nano (D50=1μm),PBS (pH 7.4),40.94,100.0
Nano (D50=1μm),PBS (pH 7.4),41.14,100.0
Nano (D50=1μm),PBS (pH 7.4),41.34,100.0
Nano (D50=1μm),PBS (pH 7.4),41.54,100.0
Nano (D50=1μm),PBS (pH 7.4),41.74,100.0
Nano (D50=1μm),PBS (pH 7.4),41.94,100.0
Nano (D50=1μm),PBS (pH 7.4),42.14,100.0
Nano (D50=1μm),PBS (pH 7.4),42.34,100.0
Nano (D50=1μm),PBS (pH 7.4),42.54,100.0
Nano (D50=1μm),PBS (pH 7.4),42.74,100.0
Nano (D50=1μm),PBS (pH 7.4),42.94,100.0
Nano (D50=1μm),PBS (pH 7.4),43.14,100.0
Nano (D50=1μm),PBS (pH 7.4),43.34,100.0
Nano (D50=1μm),PBS (pH 7.4),43.55,100.0
Nano (D50=1μm),PBS (pH 7.4),43.75,100.0
Nano (D50=1μm),PBS (pH 7.4),43.95,100.0
Nano (D50=1μm),PBS (pH 7.4),44.15,100.0
Nano (D50=1μm),PBS (pH 7.4),44.35,100.0
Nano (D50=1μm),PBS (pH 7.4),44.55,100.0
Nano (D50=1μm),PBS (pH 7.4),44.75,100.0
Nano (D50=1μm),PBS (pH 7.4),44.95,100.0
Nano (D50=1μm),PBS (pH 7.4),45.15,100.0
Nano (D50=1μm),PBS (pH 7.4),45.35,100.0
Nano (D50=1μm),PBS (pH 7.4),45.55,100.0
Nano (D50=1μm),PBS (pH 7.4),45.75,100.0
Nano (D50=1μm),PBS (pH 7.4),45.95,100.0
Nano (D50=1μm),PBS (pH 7.4),46.15,100.0
Nano (D50=1μm),PBS (pH 7.4),46.35,100.0
Nano (D50=1μm),PBS (pH 7.4),46.56,100.0
Nano (D50=1μm),PBS (pH 7.4),46.76,100.0
Nano (D50=1μm),PBS (pH 7.4),46.96,100.0
Nano (D50=1μm),PBS (pH 7.4),47.16,100.0
Nano (D50=1μm),PBS (pH 7.4),47.36,100.0
Nano (D50=1μm),PBS (pH 7.4),47.56,100.0
Nano (D50=1μm),PBS (pH 7.4),47.76,100.0
Nano (D50=1μm),PBS (pH 7.4),47.96,100.0
Nano (D50=1μm),PBS (pH 7.4),48.16,100.0
Nano (D50=1μm),PBS (pH 7.4),48.36,100.0
Nano (D50=1μm),PBS (pH 7.4),48.56,100.0
Nano (D50=1μm),PBS (pH 7.4),48.76,100.0
Nano (D50=1μm),PBS (pH 7.4),48.96,100.0
Nano (D50=1μm),PBS (pH 7.4),49.16,100.0
Nano (D50=1μm),PBS (pH 7.4),49.36,100.0
Nano (D50=1μm),PBS (pH 7.4),49.57,100.0
Nano (D50=1μm),PBS (pH 7.4),49.77,100.0
Nano (D50=1μm),PBS (pH 7.4),49.97,100.0
Nano (D50=1μm),PBS (pH 7.4),50.17,100.0
Nano (D50=1μm),PBS (pH 7.4),50.37,100.0
Nano (D50=1μm),PBS (pH 7.4),50.57,100.0
Nano (D50=1μm),PBS (pH 7.4),50.77,100.0
Nano (D50=1μm),PBS (pH 7.4),50.97,100.0
Nano (D50=1μm),PBS (pH 7.4),51.17,100.0
Nano (D50=1μm),PBS (pH 7.4),51.37,100.0
Nano (D50=1μm),PBS (pH 7.4),51.57,100.0
Nano (D50=1μm),PBS (pH 7.4),51.77,100.0
Nano (D50=1μm),PBS (pH 7.4),51.97,100.0
Nano (D50=1μm),PBS (pH 7.4),52.17,100.0
Nano (D50=1μm),PBS (pH 7.4),52.37,100.0
Nano (D50=1μm),PBS (pH 7.4),52.58,100.0
Nano (D50=1μm),PBS (pH 7.4),52.78,100.0
Nano (D50=1μm),PBS (pH 7.4),52.98,100.0
Nano (D50=1μm),PBS (pH 7.4),53.18,100.0
Nano (D50=1μm),PBS (pH 7.4),53.38,100.0
Nano (D50=1μm),PBS (pH 7.4),53.58,100.0
Nano (D50=1μm),PBS (pH 7.4),53.78,100.0
Nano (D50=1μm),PBS (pH 7.4),53.98,100.0
Nano (D50=1μm),PBS (pH 7.4),54.18,100.0
Nano (D50=1μm),PBS (pH 7.4),54.38,100.0
Nano (D50=1μm),PBS (pH 7.4),54.58,100.0
Nano (D50=1μm),PBS (pH 7.4),54.78,100.0
Nano (D50=1μm),PBS (pH 7.4),54.98,100.0
Nano (D50=1μm),PBS (pH 7.4),55.18,100.0
Nano (D50=1μm),PBS (pH 7.4),55.38,100.0
Nano (D50=1μm),PBS (pH 7.4),55.59,100.0
Nano (D50=1μm),PBS (pH 7.4),55.79,100.0
Nano (D50=1μm),PBS (pH 7.4),55.99,100.0
Nano (D50=1μm),PBS (pH 7.4),56.19,100.0
Nano (D50=1μm),PBS (pH 7.4),56.39,100.0
Nano (D50=1μm),PBS (pH 7.4),56.59,100.0
Nano (D50=1μm),PBS (pH 7.4),56.79,100.0
Nano (D50=1μm),PBS (pH 7.4),56.99,100.0
Nano (D50=1μm),PBS (pH 7.4),57.19,100.0
Nano (D50=1μm),PBS (pH 7.4),57.39,100.0
Nano (D50=1μm),PBS (pH 7.4),57.59,100.0
Nano (D50=1μm),PBS (pH 7.4),57.79,100.0
Nano (D50=1μm),PBS (pH 7.4),57.99,100.0
Nano (D50=1μm),PBS (pH 7.4),58.19,100.0
Nano (D50=1μm),PBS (pH 7.4),58.39,100.0
Nano (D50=1μm),PBS (pH 7.4),58.6,100.0
Nano (D50=1μm),PBS (pH 7.4),58.8,100.0
Nano (D50=1μm),PBS (pH 7.4),59.0,100.0
Nano (D50=1μm),PBS (pH 7.4),59.2,100.0
Nano (D50=1μm),PBS (pH 7.4),59.4,100.0
Nano (D50=1μm),PBS (pH 7.4),59.6,100.0
Nano (D50=1μm),PBS (pH 7.4),59.8,100.0
Nano (D50=1μm),PBS (pH 7.4),60.0,100.0
